c_abbarbas;Abbarbas;;;;;;;;;;;;;x
c_abbarbas_adj;Abbarbian;;;;;;;;;;;;;x
c_abdir;Abdir;;;;;;;;;;;;;x
c_abdir_adj;Abdirian;;;;;;;;;;;;;x
c_bouldertree;Bouldertree;;;;;;;;;;;;;x
c_bouldertree_adj;Bouldertreen;;;;;;;;;;;;;x
c_abidon;Abibon-Gora;;;;;;;;;;;;;x
c_abidon_adj;Abibonean;;;;;;;;;;;;;x
c_acacyn;Acacyn;;;;;;;;;;;;;x
c_acacyn_adj;Acacynnic;;;;;;;;;;;;;x
c_adhisar;Adhisar;;;;;;;;;;;;;x
c_adhisar_adj;Adhisar;;;;;;;;;;;;;x
c_adurin;Adurin;;;;;;;;;;;;;x
c_vandor;Vandor;;;;;;;;;;;;;x
c_vandor_adj;Vandorian;;;;;;;;;;;;;x
c_thalo;Thalo;;;;;;;;;;;;;x
c_thalo_adj;Thalian;;;;;;;;;;;;;x
c_kore;Kore;;;;;;;;;;;;;x
c_kore_adj;Korian;;;;;;;;;;;;;x
c_clothos;Clothos;;;;;;;;;;;;;x
c_clothos_adj;Clothian;;;;;;;;;;;;;x
c_bleakrock;Bleakrock;;;;;;;;;;;;;x
c_bleakrock_adj;Bleakrocker;;;;;;;;;;;;;x
c_kenarthi;Kenarthi's Roost;;;;;;;;;;;;;x
c_kenarthi_adj;Kenarthian;;;;;;;;;;;;;x
c_gorne;Gorne;;;;;;;;;;;;;x
c_gorne_adj;Gornen;;;;;;;;;;;;;x
c_asil_yelir;Asil Yelir;;;;;;;;;;;;;x
c_asil_yelir_adj;Yelirian;;;;;;;;;;;;;x
c_klithi;Klithi;;;;;;;;;;;;;x
c_klithi_adj;Klithian;;;;;;;;;;;;;x
c_arranha;Arranbu;;;;;;;;;;;;;x
c_arranha_adj;Arranbian;;;;;;;;;;;;;x
c_kardesh;Kardesh;;;;;;;;;;;;;x
c_kardesh_adj;Kardeshi;;;;;;;;;;;;;x
c_zamunda;Zamunda;;;;;;;;;;;;;x
c_zamunda_adj;Zamundan;;;;;;;;;;;;;x
c_nakan;Nakan;;;;;;;;;;;;;x
c_nakan_adj;Nakani;;;;;;;;;;;;;x
c_bahia;Bahia;;;;;;;;;;;;;x
c_bahia_adj;Bahian;;;;;;;;;;;;;x
c_moni;Moni;;;;;;;;;;;;;x
c_moni_adj;Monian;;;;;;;;;;;;;x
c_adurin_adj;Adurin;;;;;;;;;;;;;x
c_afyfa;Afyfa;;;;;;;;;;;;;x
c_afyfa_adj;Afyfa;;;;;;;;;;;;;x
c_phrygias;Phyrgias;;;;;;;;;;;;;x
c_phrygias_adj;Phyrgias;;;;;;;;;;;;;x
c_scarstone;Guldun;;;;;;;;;;;;;x
c_scarstone_adj;Guldunic;;;;;;;;;;;;;x
c_hachi;Hachi;;;;;;;;;;;;;x
c_hachi_adj;Hachian;;;;;;;;;;;;;x
c_adurin_adj;Adurinian;;;;;;;;;;;;;x
c_aganna_adj;Agannian;;;;;;;;;;;;;x
c_ahvaz;Ahvaz;;;;;;;;;;;;;x
c_ahvaz_adj;Ahvazzian;;;;;;;;;;;;;x
c_aidhab;Aidhab;;;;;;;;;;;;;x
c_aidhab_adj;Aidhabian;;;;;;;;;;;;;x
c_aikaya;Aikaya;;;;;;;;;;;;;x
c_aikaya_adj;Aikaya;;;;;;;;;;;;;x
c_aikeni;Aikeni;;;;;;;;;;;;;x
c_aikeni_adj;Aikeni;;;;;;;;;;;;;x
c_aimae;Aimae;;;;;;;;;;;;;x
c_aimae_adj;Aimayan;;;;;;;;;;;;;x
c_akeu;Akeu;;;;;;;;;;;;;x
c_akeu_adj;Akeu;;;;;;;;;;;;;x
c_aksana;Aksana;;;;;;;;;;;;;x
c_aksana_adj;Aksana;;;;;;;;;;;;;x
c_akuna;Akuna;;;;;;;;;;;;;x
c_akuna_adj;Akunian;;;;;;;;;;;;;x
c_akrum;Akrum;;;;;;;;;;;;;x
c_akrum_adj;Akrum;;;;;;;;;;;;;x
c_alabaster;Alabaster;;;;;;;;;;;;;x
c_alabaster_adj;Alabaster;;;;;;;;;;;;;x
c_alara;Alara;;;;;;;;;;;;;x
c_alara_adj;Alara;;;;;;;;;;;;;x
c_alcaire;Alcaire;;;;;;;;;;;;;x
c_alcaire_adj;Alcairen;;;;;;;;;;;;;x
c_aldos;Aldos;;;;;;;;;;;;;x
c_aldos_adj;Aldossian;;;;;;;;;;;;;x
c_aldruhn;Ald'Ruhn;;;;;;;;;;;;;x
c_aldruhn_adj;Aldruhnnic;;;;;;;;;;;;;x
c_aldsotha;Aldsotha;;;;;;;;;;;;;x
c_aldsotha_adj;Aldsothian;;;;;;;;;;;;;x
c_alessia;Alessia;;;;;;;;;;;;;x
c_alessia_adj;Alessian;;;;;;;;;;;;;x
c_aleswell;Aleswell;;;;;;;;;;;;;x
c_aleswell_adj;Aleswellian;;;;;;;;;;;;;x
c_alftand_adj;Alftander;;;;;;;;;;;;;x
c_alinor;Alinor;;;;;;;;;;;;;x
c_alinor_adj;Alinor;;;;;;;;;;;;;x
c_almalexia;Mournhold;;;;;;;;;;;;;x
c_almalexia_adj;Mournholdian;;;;;;;;;;;;;x
c_amadesa;Amadesa;;;;;;;;;;;;;x
c_amadesa_adj;Amadesa;;;;;;;;;;;;;x
c_amakal;Amakal;;;;;;;;;;;;;x
c_amakal_adj;Amakal;;;;;;;;;;;;;x
c_amalam;Amalam;;;;;;;;;;;;;x
c_amalam_adj;Amalam;;;;;;;;;;;;;x
c_amalok;Amalok;;;;;;;;;;;;;x
c_amalok_adj;Amalok;;;;;;;;;;;;;x
c_amnarasak;Amnarasak;;;;;;;;;;;;;x
c_amnarasak_adj;Amnarasak;;;;;;;;;;;;;x
c_amnatthaya;Amnatthaya;;;;;;;;;;;;;x
c_amnatthaya_adj;Amnatthayan;;;;;;;;;;;;;x
c_amnkret;Amnkret;;;;;;;;;;;;;x
c_amnkret_adj;Amnkret;;;;;;;;;;;;;x
c_amol;Amol;;;;;;;;;;;;;x
c_amol_adj;Amollic;;;;;;;;;;;;;x
c_anakar;Anakar;;;;;;;;;;;;;x
c_anakar_adj;Anakaran;;;;;;;;;;;;;x
c_andrethis;Andrethis;;;;;;;;;;;;;x
c_andrethis_adj;Andrethian;;;;;;;;;;;;;x
c_anga;Anga;;;;;;;;;;;;;x
c_anga_adj;Angan;;;;;;;;;;;;;x
c_angbesar;Ang Besar;;;;;;;;;;;;;x
c_angbesar_adj;Ang Besar;;;;;;;;;;;;;x
c_anghet;Ang Het;;;;;;;;;;;;;x
c_anghet_adj;Ang Het;;;;;;;;;;;;;x
c_anghon;Ang Hon;;;;;;;;;;;;;x
c_anghon_adj;Ang Hon;;;;;;;;;;;;;x
c_angpo;Ang Po;;;;;;;;;;;;;x
c_angpo_adj;Ang Po;;;;;;;;;;;;;x
c_angsuan;Ang Suan;;;;;;;;;;;;;x
c_angsuan_adj;Ang Suan;;;;;;;;;;;;;x
c_ankar;Ankar;;;;;;;;;;;;;x
c_ankar_adj;Ankar;;;;;;;;;;;;;x
c_ansilvund;Ansilvund;;;;;;;;;;;;;x
c_ansilvund_adj;Ansilvunder;;;;;;;;;;;;;x
c_antara;Antara;;;;;;;;;;;;;x
c_antara_adj;Antara;;;;;;;;;;;;;x
c_anticlere;Anticlere;;;;;;;;;;;;;x
c_anticlere_adj;Anticleren;;;;;;;;;;;;;x
c_anvil;Anvil;;;;;;;;;;;;;x
c_anvil_adj;Anvillian;;;;;;;;;;;;;x
c_applewatch;Applewatch;;;;;;;;;;;;;x
c_applewatch_adj;Applewatcher;;;;;;;;;;;;;x
c_arat;Arat;;;;;;;;;;;;;x
c_arat_adj;Arat;;;;;;;;;;;;;x
c_arcantys;Arcantys;;;;;;;;;;;;;x
c_arcantys_adj;Arcantian;;;;;;;;;;;;;x
c_marbruk;Marbruk;;;;;;;;;;;;;x
c_marbruk_adj;Marbrukic;;;;;;;;;;;;;x
c_archengrangrove;Archengangrove;;;;;;;;;;;;;x
c_archengrangrove_adj;Archengangrovean;;;;;;;;;;;;;x
c_archon;Archon;;;;;;;;;;;;;x
c_archon_adj;Archic;;;;;;;;;;;;;x
c_arenthia;Arenthia;;;;;;;;;;;;;x
c_arenthia_adj;Arenthia;;;;;;;;;;;;;x
c_argolis;Argolis;;;;;;;;;;;;;x
c_argolis_adj;Argolian;;;;;;;;;;;;;x
c_arnor;Arnor;;;;;;;;;;;;;x
c_arnor_adj;Arnor;;;;;;;;;;;;;x
c_arrius;Arrius;;;;;;;;;;;;;x
c_arrius_adj;Arrian;;;;;;;;;;;;;x
c_ascadian;Ascadian Isles;;;;;;;;;;;;;x
c_ascadian_adj;Ascadian;;;;;;;;;;;;;x
c_ash;Ash;;;;;;;;;;;;;x
c_ashlands;Ashlands;;;;;;;;;;;;;x
c_ashlands_adj;Ashen;;;;;;;;;;;;;x
c_ash_adj;Ashen;;;;;;;;;;;;;x
c_askarimir;Askarimir;;;;;;;;;;;;;x
c_askarimir_adj;Askarimir;;;;;;;;;;;;;x
c_asp;Asp;;;;;;;;;;;;;x
c_asp_adj;Asp;;;;;;;;;;;;;x
c_aubigny;Aubigny;;;;;;;;;;;;;x
c_aubigny_adj;Aubignian;;;;;;;;;;;;;x
c_aurus;Aurus;;;;;;;;;;;;;x
c_aurus_adj;Aurian;;;;;;;;;;;;;x
c_aya;Aya;;;;;;;;;;;;;x
c_aya_adj;Aya;;;;;;;;;;;;;x
c_ayasofya;Ayasofya;;;;;;;;;;;;;x
c_ayasofya_adj;Ayasofian;;;;;;;;;;;;;x
c_azracrossing;Azra's Crossing;;;;;;;;;;;;;x
c_azracrossing_adj;Azra's Crossing;;;;;;;;;;;;;x
c_azurascoast;Azura's Coast;;;;;;;;;;;;;x
c_azurascoast_adj;Azuran;;;;;;;;;;;;;x
c_badang;Badang;;;;;;;;;;;;;x
c_badang_adj;Badang;;;;;;;;;;;;;x
c_baga;Baga;;;;;;;;;;;;;x
c_baga_adj;Bagian;;;;;;;;;;;;;x
c_balakan;Balakan;;;;;;;;;;;;;x
c_balakan_adj;Balakan;;;;;;;;;;;;;x
c_balfall;Bal Fall;;;;;;;;;;;;;x
c_balfalls;Balfalls;;;;;;;;;;;;;x
c_balfalls_adj;Balfallic;;;;;;;;;;;;;x
c_balfall_adj;Bal Fall;;;;;;;;;;;;;x
c_balfiera;Balfiera;;;;;;;;;;;;;x
c_balfiera_adj;Balfieran;;;;;;;;;;;;;x
c_balima;Balima;;;;;;;;;;;;;x
c_balima_adj;Balima;;;;;;;;;;;;;x
c_balinesti;Balinesti;;;;;;;;;;;;;x
c_balinesti_adj;Balinestian;;;;;;;;;;;;;x
c_balsquare;Balsquare;;;;;;;;;;;;;x
c_balsquare_adj;Balsquare;;;;;;;;;;;;;x
c_banglasin;Banglasin;;;;;;;;;;;;;x
c_banglasin_adj;Banglasin;;;;;;;;;;;;;x
c_bangom;Bang Om;;;;;;;;;;;;;x
c_bangom_adj;Bang Om;;;;;;;;;;;;;x
c_bangphai;Bang Phai;;;;;;;;;;;;;x
c_bangphai_adj;Bang Phain;;;;;;;;;;;;;x
c_bangsuan;Bang Suan;;;;;;;;;;;;;x
c_bangsuan_adj;Bang Suan;;;;;;;;;;;;;x
c_bannermist;Bannermist;;;;;;;;;;;;;x
c_bannermist_adj;Bannermist;;;;;;;;;;;;;x
c_banta;Banta;;;;;;;;;;;;;x
c_banta_adj;Bantan;;;;;;;;;;;;;x
c_baram;Baram;;;;;;;;;;;;;x
c_baram_adj;Baram;;;;;;;;;;;;;x
c_barda;Barda;;;;;;;;;;;;;x
c_barda_adj;Barda;;;;;;;;;;;;;x
c_batar;Batar;;;;;;;;;;;;;x
c_batar_adj;Batar;;;;;;;;;;;;;x
c_batozan;Batozan;;;;;;;;;;;;;x
c_batozan_adj;Batozan;;;;;;;;;;;;;x
c_battalya;Battalya;;;;;;;;;;;;;x
c_battalya_adj;Battalya;;;;;;;;;;;;;x
c_baut;Irranhu;;;;;;;;;;;;;x
c_baut_adj;Irranhu;;;;;;;;;;;;;x
c_behar;Behar;;;;;;;;;;;;;x
c_behar_adj;Behar;;;;;;;;;;;;;x
c_beku;Beku;;;;;;;;;;;;;x
c_beku_adj;Beku;;;;;;;;;;;;;x
c_belda;Belda;;;;;;;;;;;;;x
c_belda_adj;Beldan;;;;;;;;;;;;;x
c_belemis;Belemis;;;;;;;;;;;;;x
c_belemis_adj;Belemis;;;;;;;;;;;;;x
c_belkarth;Belkarth;;;;;;;;;;;;;x
c_belkarth_adj;Belkarthic;;;;;;;;;;;;;x
c_belportrun;Belport Run;;;;;;;;;;;;;x
c_belportrun_adj;Belport;;;;;;;;;;;;;x
c_betony;Betony;;;;;;;;;;;;;x
c_betony_adj;Betonnic;;;;;;;;;;;;;x
c_bhatanir;Bhatanir;;;;;;;;;;;;;x
c_bhatanir_adj;Bhatanir;;;;;;;;;;;;;x
c_bhoriane;Bhoriane;;;;;;;;;;;;;x
c_bhoriane_adj;Bhorianen;;;;;;;;;;;;;x
c_binaiki;Binaiki;;;;;;;;;;;;;x
c_binaiki_adj;Binaiki;;;;;;;;;;;;;x
c_bingursa;Bingursa;;;;;;;;;;;;;x
c_bingursa_adj;Bingursa;;;;;;;;;;;;;x
c_bisat;Bisat;;;;;;;;;;;;;x
c_bisat_adj;Bisat;;;;;;;;;;;;;x
c_bittercoast;Bitter Coast;;;;;;;;;;;;;x
c_bittercoast_adj;Bitter;;;;;;;;;;;;;x
c_bjoulsae;Bjoulsae;;;;;;;;;;;;;x
c_bjoulsae_adj;Bjoulsaen;;;;;;;;;;;;;x
c_blackboot;Blackboot;;;;;;;;;;;;;x
c_blackboot_adj;Blackboot;;;;;;;;;;;;;x
c_blackharbour;Esroniet;;;;;;;;;;;;;x
c_blackhaven;Blackhaven;;;;;;;;;;;;;x
c_blackhaven_adj;Black Haven;;;;;;;;;;;;;x
c_blackheights;Black Heights;;;;;;;;;;;;;x
c_blackheights_adj;Black;;;;;;;;;;;;;x
c_blacklight;Blacklight;;;;;;;;;;;;;x
c_blacklight_adj;Blacklighter;;;;;;;;;;;;;x
c_blackmarsh;Blackmarsh;;;;;;;;;;;;;x
c_blackmarsh_adj;Blackmarshan;;;;;;;;;;;;;x
c_blackpark;Blackpark;;;;;;;;;;;;;x
c_blackpark_adj;Blackpark;;;;;;;;;;;;;x
c_blackrock;Blackrock;;;;;;;;;;;;;x
c_blackrose;Blackrose;;;;;;;;;;;;;x
c_blackrose_adj;Blackrose;;;;;;;;;;;;;x
c_blackwater;Blackwater;;;;;;;;;;;;;x
c_blackwater_adj;Blackwatery;;;;;;;;;;;;;x
c_blackwood_adj;Blackwood;;;;;;;;;;;;;x
c_blain;Blain;;;;;;;;;;;;;x
c_blain_adj;Blainic;;;;;;;;;;;;;x
c_blankenmarch;Blankenmarch;;;;;;;;;;;;;x
c_blankenmarch_adj;Blankenmarcher;;;;;;;;;;;;;x
c_bleakwind;Bleakwind;;;;;;;;;;;;;x
c_bleakwind_adj;Bleakwind;;;;;;;;;;;;;x
c_bloodhorn;Bloodhorn;;;;;;;;;;;;;x
c_bloodhorn_adj;Bloodhorner;;;;;;;;;;;;;x
c_bloodrun;Bloodrun;;;;;;;;;;;;;x
c_bloodrun_adj;Bloodrunner;;;;;;;;;;;;;x
c_bodrum;Bodrum;;;;;;;;;;;;;x
c_bodrum_adj;Bodrumian;;;;;;;;;;;;;x
c_bogwraith;Bogwraith;;;;;;;;;;;;;x
c_bogwraith_adj;Bogwraith;;;;;;;;;;;;;x
c_bolkara;Bolkara;;;;;;;;;;;;;x
c_bolkara_adj;Bolkara;;;;;;;;;;;;;x
c_bolukars;Bolukars;;;;;;;;;;;;;x
c_bolukars_adj;Bolukars;;;;;;;;;;;;;x
c_boluya;Boluya;;;;;;;;;;;;;x
c_boluya_adj;Boluya;;;;;;;;;;;;;x
c_bondar;Bondar;;;;;;;;;;;;;x
c_bondar_adj;Bondarian;;;;;;;;;;;;;x
c_bosmora;Bosmora;;;;;;;;;;;;;;
c_bosmora_adj;Bosmorian;;;;;;;;;;;;;;
c_bramblepoint;Bramblepoint;;;;;;;;;;;;;x
c_bramblepoint_adj;Bramblepointer;;;;;;;;;;;;;x
c_bramblewood;Bramblewood;;;;;;;;;;;;;x
c_bramblewood_adj;Bramblewood;;;;;;;;;;;;;x
c_branchmont;Branchmont;;;;;;;;;;;;;x
c_branchmont_adj;Branchmontian;;;;;;;;;;;;;x
c_bravil;Bravil;;;;;;;;;;;;;x
c_bravil_adj;Bravillian;;;;;;;;;;;;;x
c_brena;Brena;;;;;;;;;;;;;x
c_brena_adj;Brennic;;;;;;;;;;;;;x
c_khenarthi;Khenarthi's Roost;;;;;;;;;;;;;x
c_khenarthi_adj;Khenarthi;;;;;;;;;;;;;x
c_briarpatch;Briarpatch;;;;;;;;;;;;;x
c_briarpatch_adj;Briarpatch;;;;;;;;;;;;;x
c_brindlehome;Brindle Home;;;;;;;;;;;;;x
c_brindlehome_adj;Brindle;;;;;;;;;;;;;x
c_brittlerock;Brittlerock;;;;;;;;;;;;;x
c_brittlerock_adj;Brittlerock;;;;;;;;;;;;;x
c_brittleshin;Brittleshin Pass;;;;;;;;;;;;;x
c_brittleshin_adj;Brittleshin;;;;;;;;;;;;;x
c_brukreich;Brukreich;;;;;;;;;;;;;x
c_brukreich_adj;Brukreichan;;;;;;;;;;;;;x
c_bruma;Bruma;;;;;;;;;;;;;x
c_bruma_adj;Bruman;;;;;;;;;;;;;x
c_bthalft;Arcwind;;;;;;;;;;;;;x
c_bthalft_adj;Arcwindian;;;;;;;;;;;;;x
c_buarachan;Buarachan;;;;;;;;;;;;;x
c_buarachan_adj;Buarachan;;;;;;;;;;;;;x
c_bukduk;Bukduk;;;;;;;;;;;;;x
c_bukduk_adj;Bukduk;;;;;;;;;;;;;x
c_bukkul;Bukkul;;;;;;;;;;;;;x
c_bukkul_adj;Bukkul;;;;;;;;;;;;;x
c_bukpang;Bukpang;;;;;;;;;;;;;x
c_bukpang_adj;Bukpang;;;;;;;;;;;;;x
c_bulwark;Bulwark;;;;;;;;;;;;;x
c_bulwark_adj;Bulwarkian;;;;;;;;;;;;;x
c_burfez;Burfez;;;;;;;;;;;;;x
c_burfez_adj;Burfez;;;;;;;;;;;;;x
c_burising;Burising;;;;;;;;;;;;;x
c_burising_adj;Burising;;;;;;;;;;;;;x
c_bursana;Bursana;;;;;;;;;;;;;x
c_bursana_adj;Bursana;;;;;;;;;;;;;x
c_burvas;Burvas;;;;;;;;;;;;;x
c_burvas_adj;Burvas;;;;;;;;;;;;;x
c_burzmir;Burzmir;;;;;;;;;;;;;x
c_burzmir_adj;Burzmir;;;;;;;;;;;;;x
c_cambrian;Cambrian;;;;;;;;;;;;;x
c_cambrian_adj;Cambrian;;;;;;;;;;;;;x
c_camlorn;Camlorn;;;;;;;;;;;;;x
c_camlorn_adj;Camlornian;;;;;;;;;;;;;x
c_cappado;Cappado;;;;;;;;;;;;;x
c_cappado_adj;Cappadocian;;;;;;;;;;;;;x
c_caractacus;Caractacus;;;;;;;;;;;;;x
c_caractacus_adj;Caractacusic;;;;;;;;;;;;;x
c_carakal;Carakal;;;;;;;;;;;;;x
c_carakal_adj;Carakal;;;;;;;;;;;;;x
c_carmala;Carmala;;;;;;;;;;;;;x
c_carmala_adj;Carmalan;;;;;;;;;;;;;x
c_carmar;Carmar;;;;;;;;;;;;;x
c_carmar_adj;Carmarian;;;;;;;;;;;;;x
c_castlejoy;Castlejoy;;;;;;;;;;;;;x
c_castlejoy_adj;Castlejoy;;;;;;;;;;;;;x
c_cathay;Cathay;;;;;;;;;;;;;x
c_cathay_adj;Cathayan;;;;;;;;;;;;;x
c_cathnoquey;Quey;;;;;;;;;;;;;x
c_cathnoquey_adj;Queyen;;;;;;;;;;;;;x
c_catoydur;Catoydurian;;;;;;;;;;;;;x
c_catoydur;Ydurric;;;;;;;;;;;;;x
c_cedrian;Cedrian;;;;;;;;;;;;;x
c_cedrian_adj;Cedric;;;;;;;;;;;;;x
c_ceffa;Ceffa;;;;;;;;;;;;;x
c_ceffa_adj;Ceffan;;;;;;;;;;;;;x
c_cespar;Cespar;;;;;;;;;;;;;x
c_cespar_adj;Cespian;;;;;;;;;;;;;x
c_cidang;Cidang;;;;;;;;;;;;;x
c_cidang_adj;Cidang;;;;;;;;;;;;;x
c_ciman;Ciman;;;;;;;;;;;;;x
c_ciman_adj;Ciman;;;;;;;;;;;;;x
c_cirat;Cirat;;;;;;;;;;;;;x
c_cirat_adj;Cirat;;;;;;;;;;;;;x
c_chadahan;Chadahan;;;;;;;;;;;;;x
c_chadahan_adj;Chadahan;;;;;;;;;;;;;x
c_chajalai;Chajalai;;;;;;;;;;;;;x
c_chajalai_adj;Chajalaean;;;;;;;;;;;;;x
c_chalman;Chalman;;;;;;;;;;;;;x
c_chalman_adj;Chalman;;;;;;;;;;;;;x
c_changzi_adj;Changzuese;;;;;;;;;;;;;x
c_chanubi_adj;Chanubi;;;;;;;;;;;;;x
c_chasecreek;Chasecreek;;;;;;;;;;;;;x
c_chasecreek_adj;Creekic;;;;;;;;;;;;;x
c_chasegrove;Chasegrove;;;;;;;;;;;;;x
c_chasegrove_adj;Chasegrovian;;;;;;;;;;;;;x
c_chasepoint;Chasepoint;;;;;;;;;;;;;x
c_chasepoint_adj;Chasepoint;;;;;;;;;;;;;x
c_cheydinhal;Cheydinhal;;;;;;;;;;;;;x
c_cheydinhal_adj;Cheydin;;;;;;;;;;;;;x
c_chianglam;Chianglam;;;;;;;;;;;;;x
c_chianglam_adj;Chianglam;;;;;;;;;;;;;x
c_chiangmai;Chiangmai;;;;;;;;;;;;;x
c_chiangmai_adj;Chiangmai;;;;;;;;;;;;;x
c_chonang;Chon Ang;;;;;;;;;;;;;x
c_chonang_adj;Chon Ang;;;;;;;;;;;;;x
c_chondahan;Chondahan;;;;;;;;;;;;;x
c_chondahan_adj;Chondahan;;;;;;;;;;;;;x
c_chorrol_adj;Chorrol;;;;;;;;;;;;;x
c_cliffwatch;Cliffwatch;;;;;;;;;;;;;x
c_cliffwatch_adj;Cliffwatch;;;;;;;;;;;;;x
c_cloudrest;Cloudrest;;;;;;;;;;;;;x
c_cloudrest_adj;Clodian;;;;;;;;;;;;;x
c_cloudruler;Cloudruler;;;;;;;;;;;;;x
c_cloudruler_adj;Cloudruler;;;;;;;;;;;;;x
c_cloudspring_adj;Cloudspring;;;;;;;;;;;;;x
c_cloudtop;Cloudtop;;;;;;;;;;;;;x
c_cloudtop_adj;Cloudtop;;;;;;;;;;;;;x
c_coldcorn;Coldcorn;;;;;;;;;;;;;x
c_coldcorn_adj;Coldcornish;;;;;;;;;;;;;x
c_coldmoor;Coldmoor;;;;;;;;;;;;;x
c_coldmoor_adj;Coldmoorer;;;;;;;;;;;;;x
c_coldrock;Coldrock;;;;;;;;;;;;;x
c_coldrock_adj;Coldrock;;;;;;;;;;;;;x
c_conak;Conak;;;;;;;;;;;;;x
c_conak_adj;Conak;;;;;;;;;;;;;x
c_copang;Copang;;;;;;;;;;;;;x
c_copang_adj;Copang;;;;;;;;;;;;;x
c_corgrad;Corgrad;;;;;;;;;;;;;x
c_corgrad_adj;Corgradian;;;;;;;;;;;;;x
c_corimont;Corimont;;;;;;;;;;;;;x
c_corimont_adj;Corimontian;;;;;;;;;;;;;x
c_corinth;Corinth;;;;;;;;;;;;;x
c_corinth_adj;Corinthian;;;;;;;;;;;;;x
c_corisilmoor;Silmoor;;;;;;;;;;;;;x
c_corisilmoor_adj;Silmoor;;;;;;;;;;;;;x
c_cormair;Cormair;;;;;;;;;;;;;x
c_cormair_adj;Cormair;;;;;;;;;;;;;x
c_cormaris;Cormaris;;;;;;;;;;;;;x
c_cormaris_adj;Cormarian;;;;;;;;;;;;;x
c_cotu;Cotu;;;;;;;;;;;;;x
c_cotu_adj;Cotu;;;;;;;;;;;;;x
c_cropsford;Cropsford;;;;;;;;;;;;;x
c_cropsford_adj;Cropsforder;;;;;;;;;;;;;x
c_crowhaven;Crowhaven;;;;;;;;;;;;;x
c_crowhaven_adj;Crow;;;;;;;;;;;;;x
c_culotte;Culotte;;;;;;;;;;;;;x
c_culotte_adj;Culottian;;;;;;;;;;;;;x
c_cuptor;Cuptor;;;;;;;;;;;;;x
c_cuptor_adj;Cuptoric;;;;;;;;;;;;;x
c_daenia;Daenia;;;;;;;;;;;;;x
c_daenia_adj;Daenian;;;;;;;;;;;;;x
c_daggerfall;Daggerfall;;;;;;;;;;;;;x
c_daggerfall_adj;Daggerfall;;;;;;;;;;;;;x
c_darang;Darang;;;;;;;;;;;;;x
c_darang_adj;Darang;;;;;;;;;;;;;x
c_daresen;Daresen;;;;;;;;;;;;;x
c_daresen_adj;Daresen;;;;;;;;;;;;;x
c_dargan;Dargan;;;;;;;;;;;;;x
c_dargan_adj;Dargan;;;;;;;;;;;;;x
c_darglade;Darglade;;;;;;;;;;;;;x
c_darglade_adj;Corian;;;;;;;;;;;;;x
c_darguard;Darguard;;;;;;;;;;;;;x
c_darguard_adj;Darguard;;;;;;;;;;;;;x
c_darjar;Darjar;;;;;;;;;;;;;x
c_darjar_adj;Darjar;;;;;;;;;;;;;x
c_darkarn;Darkarn;;;;;;;;;;;;;x
c_darkarn_adj;Darkarnian;;;;;;;;;;;;;x
c_darkfathom;Darkfathom;;;;;;;;;;;;;x
c_darkfathom_adj;Darkfathom;;;;;;;;;;;;;x
c_darkwatch;Darkwatch;;;;;;;;;;;;;x
c_darkwatch_adj;Darkwatch;;;;;;;;;;;;;x
c_darlam;Darlam;;;;;;;;;;;;;x
c_darlam_adj;Darlam;;;;;;;;;;;;;x
c_darvon;Darvon;;;;;;;;;;;;;x
c_darvon_adj;Darvonnic;;;;;;;;;;;;;x
c_darvulk;Darvulk;;;;;;;;;;;;;x
c_darvulk_adj;Darvulkic;;;;;;;;;;;;;x
c_dasekmoor;Dasekmoor;;;;;;;;;;;;;x
c_dasekmoor_adj;Dasek;;;;;;;;;;;;;x
c_dawnstar;Dawnstar;;;;;;;;;;;;;x
c_dawnstar_adj;Dawnstar;;;;;;;;;;;;;x
c_deepscorn;Deepscorn;;;;;;;;;;;;;x
c_deepscorn_adj;Deepscorn;;;;;;;;;;;;;x
c_deerhollow;Deerhollow;;;;;;;;;;;;;x
c_deerhollow_adj;Deerhollow;;;;;;;;;;;;;x
c_degali;Degali;;;;;;;;;;;;;x
c_degali_adj;Degali;;;;;;;;;;;;;x
c_deshaan;Deshaan;;;;;;;;;;;;;x
c_deshaan_adj;Deshaan;;;;;;;;;;;;;x
c_dinab;Dinab;;;;;;;;;;;;;x
c_dinab_adj;Dinabian;;;;;;;;;;;;;x
c_dirich;Dirich;;;;;;;;;;;;;x
c_dirich_adj;Dirichian;;;;;;;;;;;;;x
c_diss;Diss;;;;;;;;;;;;;x
c_diss_adj;Diss;;;;;;;;;;;;;x
c_diverock;Dive Rock;;;;;;;;;;;;;x
c_diverock_adj;Dive Rock;;;;;;;;;;;;;x
c_diyakale;Diyakale;;;;;;;;;;;;;x
c_diyakale_adj;Diyakale;;;;;;;;;;;;;x
c_diyarum;Diyarum;;;;;;;;;;;;;x
c_diyarum_adj;Diyarum;;;;;;;;;;;;;x
c_djenne;Djenne;;;;;;;;;;;;;x
c_djenne_adj;Djennen;;;;;;;;;;;;;x
c_dorven;Dorven;;;;;;;;;;;;;x
c_dorven_adj;Dorven;;;;;;;;;;;;;x
c_doublecross;Doublecross;;;;;;;;;;;;;x
c_doublecross_adj;Doublecrosser;;;;;;;;;;;;;x
c_dragonbridge_adj;dragonbridger;;;;;;;;;;;;;x
c_dragonclaw;Dragonclaw;;;;;;;;;;;;;x
c_dragonclaw_adj;Dragonclaw;;;;;;;;;;;;;x
c_dragongate;Dragongate;;;;;;;;;;;;;x
c_dragongate_adj;Dragongate;;;;;;;;;;;;;x
c_dragonglade_adj;Dragonglade;;;;;;;;;;;;;x
c_dragongrove;Dragongrove;;;;;;;;;;;;;x
c_dragongrove_adj;Dragongroven;;;;;;;;;;;;;x
c_dragonpond;Dragonpond;;;;;;;;;;;;;x
c_dragonpond_adj;Dragonpondian;;;;;;;;;;;;;x
c_dragonstar;Dragonstar;;;;;;;;;;;;;x
c_dragonstar_adj;Dragonstar;;;;;;;;;;;;;x
c_dragontail;Dragontail;;;;;;;;;;;;;x
c_dragontail_adj;Dragontail;;;;;;;;;;;;;x
c_dragonwall;Dragonwall;;;;;;;;;;;;;x
c_dragonwall_adj;Dragonwall;;;;;;;;;;;;;x
c_drakelowe;Drakelowe;;;;;;;;;;;;;x
c_drakelowe_adj;Drakelowen;;;;;;;;;;;;;x
c_duncori;Duncori;;;;;;;;;;;;;x
c_duncori_adj;Duncorian;;;;;;;;;;;;;x
c_dune;Dune;;;;;;;;;;;;;x
c_dune_adj;Dunnish;;;;;;;;;;;;;x
c_dunkarn;Dunkarn;;;;;;;;;;;;;x
c_dunkarn_adj;Dunkarn;;;;;;;;;;;;;x
c_dunlain_adj;Dunlainian;;;;;;;;;;;;;x
c_dunstad;Dunstad;;;;;;;;;;;;;x
c_dunstad_adj;Dunstader;;;;;;;;;;;;;x
c_durmur;Durmur;;;;;;;;;;;;;x
c_durmur_adj;Durmur;;;;;;;;;;;;;x
c_durres;Durres;;;;;;;;;;;;;x
c_durres_adj;Durric;;;;;;;;;;;;;x
c_dusk;Dusk;;;;;;;;;;;;;x
c_dusk_adj;Dusken;;;;;;;;;;;;;x
c_dwynnen;Dwynnen;;;;;;;;;;;;;x
c_dwynnen_adj;Dwynnen;;;;;;;;;;;;;x
c_eaglebrook;Eaglebrook;;;;;;;;;;;;;x
c_eaglebrook_adj;Eaglebrook;;;;;;;;;;;;;x
c_eaglevale;Eaglevale;;;;;;;;;;;;;x
c_eaglevale_adj;Eaglevale;;;;;;;;;;;;;x
c_eastjeral;East Jeral;;;;;;;;;;;;;x
c_eastjeral_adj;East Jerallic;;;;;;;;;;;;;x
c_eastmarch;Eastmarch;;;;;;;;;;;;;x
c_eastmarch_adj;Eastmarcher;;;;;;;;;;;;;x
c_eastwatch;Eastwatch;;;;;;;;;;;;;x
c_eastwatch_adj;Eastwatcher;;;;;;;;;;;;;x
c_eastwood;Eastwood;;;;;;;;;;;;;x
c_eastwood_adj;Eastwood;;;;;;;;;;;;;x
c_ebonglen;Ebonglen;;;;;;;;;;;;;x
c_ebonglen_adj;Ebonglen;;;;;;;;;;;;;x
c_ebonheart;Ebonheart;;;;;;;;;;;;;x
c_ebonheart_adj;Ebonheart;;;;;;;;;;;;;x
c_ebonro;Ebon Ro;;;;;;;;;;;;;x
c_ebonro_adj;Ebon Ro;;;;;;;;;;;;;x
c_ebonstadmont;Ebon Stadmont;;;;;;;;;;;;;x
c_ebonstadmont_adj;Stadmontian;;;;;;;;;;;;;x
c_edirica;Edirica;;;;;;;;;;;;;x
c_edirica_adj;Edirica;;;;;;;;;;;;;x
c_einmeirvale;Meirvale;;;;;;;;;;;;;x
c_einmeirvale_adj;Meiric;;;;;;;;;;;;;x
c_ekaaweko;Ekaawe'ko;;;;;;;;;;;;;x
c_ekaaweko_adj;Ekaawekoian;;;;;;;;;;;;;x
c_elazrum;Elazrum;;;;;;;;;;;;;x
c_elazrum_adj;Elazrum;;;;;;;;;;;;;x
c_eldara;Eldara;;;;;;;;;;;;;x
c_eldara_adj;Eldara;;;;;;;;;;;;;x
c_eldenbush;Eldenbush;;;;;;;;;;;;;x
c_eldenbush_adj;Eldenbush;;;;;;;;;;;;;x
c_eldengrove;Eldengrove;;;;;;;;;;;;;x
c_eldengrove_adj;Eldengrove;;;;;;;;;;;;;x
c_eldenroot;Eldenroot;;;;;;;;;;;;;x
c_eldenroot_adj;Eldenroot;;;;;;;;;;;;;x
c_eldersblood;Eldersblood;;;;;;;;;;;;;x
c_eldersblood_adj;Eldersblood;;;;;;;;;;;;;x
c_elinhir;Elinhir;;;;;;;;;;;;;x
c_elinhir_adj;Elinhirian;;;;;;;;;;;;;x
c_elran;Elran;;;;;;;;;;;;;x
c_elran_adj;Elran;;;;;;;;;;;;;x
c_emperorsrun;Emperor's Run;;;;;;;;;;;;;x
c_emperorsrun_adj;Emperor's Run;;;;;;;;;;;;;x
c_entius;Entius;;;;;;;;;;;;;x
c_entius_adj;Entian;;;;;;;;;;;;;x
c_epiru;Epiru;;;;;;;;;;;;;x
c_epiru_adj;Epiran;;;;;;;;;;;;;x
c_erzhir;Erzhir;;;;;;;;;;;;;x
c_erzhir_adj;Erzhir;;;;;;;;;;;;;x
c_eshita;Eshita;;;;;;;;;;;;;x
c_eshita_adj;Eshitan;;;;;;;;;;;;;x
c_esroniet;Esroniet;;;;;;;;;;;;;x
c_esroniet_adj;Esronian;;;;;;;;;;;;;x
c_ethosul;Etho Sul;;;;;;;;;;;;;x
c_ethosul_adj;Sullian;;;;;;;;;;;;;x
c_eventide;Old Falls;;;;;;;;;;;;;x
c_eventide_adj;Old Feller;;;;;;;;;;;;;x
c_evermore;Evermore;;;;;;;;;;;;;x
c_evermore_adj;Evermore;;;;;;;;;;;;;x
c_facian;Facian;;;;;;;;;;;;;x
c_facian_adj;Facian;;;;;;;;;;;;;x
c_falinesti;Falinesti;;;;;;;;;;;;;x
c_falinesti_adj;Falinesti;;;;;;;;;;;;;x
c_falkreath;Falkreath;;;;;;;;;;;;;x
c_falkreath_adj;Falkreath;;;;;;;;;;;;;x
c_fanacas;Fanacas;;;;;;;;;;;;;x
c_fanacas_adj;Fanacan;;;;;;;;;;;;;x
c_farragut;Farragut;;;;;;;;;;;;;x
c_farragut_adj;Farragut;;;;;;;;;;;;;x
c_farrun_adj;Farrunian;;;;;;;;;;;;;x
c_fellglow;Fellglow;;;;;;;;;;;;;x
c_fellglow_adj;Fellglower;;;;;;;;;;;;;x
c_fellhammer;Fellhammer;;;;;;;;;;;;;x
c_fellhammer_adj;Fellhammer;;;;;;;;;;;;;x
c_felmarsh;Felmarsh;;;;;;;;;;;;;x
c_felmarsh_adj;Felmarshan;;;;;;;;;;;;;x
c_felsaad;Felsaad;;;;;;;;;;;;;x
c_felsaad_adj;Felsaadic;;;;;;;;;;;;;x
c_firewatch;Firewatch;;;;;;;;;;;;;x
c_firewatch_adj;Firewatcher;;;;;;;;;;;;;x
c_firsthold;Firsthold;;;;;;;;;;;;;x
c_firsthold_adj;First;;;;;;;;;;;;;x
c_flecia;Flecia;;;;;;;;;;;;;x
c_flecia_adj;Flecian;;;;;;;;;;;;;x
c_focsat;Focsat;;;;;;;;;;;;;x
c_focsat_adj;Focsat;;;;;;;;;;;;;x
c_forelhost;Forelhost;;;;;;;;;;;;;x
c_forelhost_adj;Forelhoster;;;;;;;;;;;;;x
c_frostcrag;Frostcrag;;;;;;;;;;;;;x
c_frostcrag_adj;Frostcrag;;;;;;;;;;;;;x
c_frostfire;Frostfire;;;;;;;;;;;;;x
c_frostfire_adj;Frostfirian;;;;;;;;;;;;;x
c_frostflow;Frostflow;;;;;;;;;;;;;x
c_frostflow_adj;Frostflower;;;;;;;;;;;;;x
c_gaddu;Gaddu;;;;;;;;;;;;;x
c_gaddu_adj;Gaddian;;;;;;;;;;;;;x
c_galandra;Galandra;;;;;;;;;;;;;x
c_galandra_adj;Galandra;;;;;;;;;;;;;x
c_ganaris;Ganaris;;;;;;;;;;;;;x
c_ganaris_adj;Ganarian;;;;;;;;;;;;;x
c_garibak;Garibak;;;;;;;;;;;;;x
c_garibak_adj;Garibak;;;;;;;;;;;;;x
c_garlas;Garlas;;;;;;;;;;;;;x
c_garlas_adj;Garlasian;;;;;;;;;;;;;x
c_garsadrith;Gar Sadrith;;;;;;;;;;;;;x
c_garsadrith_adj;Garric;;;;;;;;;;;;;x
c_garthim;Garthim;;;;;;;;;;;;;x
c_garthim_adj;Garthim;;;;;;;;;;;;;x
c_gauvadon;Gauvadon;;;;;;;;;;;;;x
c_gauvadon_adj;Gauvaden;;;;;;;;;;;;;x
c_gazum;Gazum;;;;;;;;;;;;;x
c_gazum_adj;Gazum;;;;;;;;;;;;;x
c_gideon;Gideon;;;;;;;;;;;;;x
c_gideon_adj;Gidic;;;;;;;;;;;;;x
c_gikiro_adj;Gikiro;;;;;;;;;;;;;x
c_gilam;Gilam;;;;;;;;;;;;;x
c_gilam_adj;Gilam;;;;;;;;;;;;;x
c_gilane;Gilane;;;;;;;;;;;;;x
c_gilane_adj;Gilanean;;;;;;;;;;;;;x
c_gili;Gili;;;;;;;;;;;;;x
c_gili_adj;Gili;;;;;;;;;;;;;x
c_gilverdale;Gliverdale;;;;;;;;;;;;;x
c_gilverdale_adj;Gliverdale;;;;;;;;;;;;;x
c_giruma;Giruma;;;;;;;;;;;;;x
c_giruma_adj;Giruma;;;;;;;;;;;;;x
c_girutorat;Giru Torat;;;;;;;;;;;;;x
c_girutorat_adj;Giru Torat;;;;;;;;;;;;;x
c_gitu;Gitu;;;;;;;;;;;;;x
c_gitu_adj;Gitu;;;;;;;;;;;;;x
c_gladdenpoint;Greenshade;;;;;;;;;;;;;x
c_gladdenpoint_adj;Greenshadian;;;;;;;;;;;;;x
c_glademist;Glademist;;;;;;;;;;;;;x
c_glademist_adj;Glademist;;;;;;;;;;;;;x
c_glenbridge;Glenbridge;;;;;;;;;;;;;x
c_glenbridge_adj;Glenbridge;;;;;;;;;;;;;x
c_glenmoril;Glenmoril;;;;;;;;;;;;;x
c_glenmoril_adj;Glenmoril;;;;;;;;;;;;;x
c_glenpoint;Glenpoint;;;;;;;;;;;;;x
c_glenpoint_adj;Glenpoint;;;;;;;;;;;;;x
c_glenview;Glenview;;;;;;;;;;;;;x
c_glenview_adj;Glenview;;;;;;;;;;;;;x
c_gnarledroot;Gnarledroot;;;;;;;;;;;;;x
c_gnarledroot_adj;Gnarledrooter;;;;;;;;;;;;;x
c_goldthroat;Goldthroat;;;;;;;;;;;;;x
c_goldthroat_adj;Goldthroat;;;;;;;;;;;;;x
c_golig;Golig;;;;;;;;;;;;;x
c_golig_adj;Golig;;;;;;;;;;;;;x
c_gondar;Gondar;;;;;;;;;;;;;x
c_gondar_adj;Gondian;;;;;;;;;;;;;x
c_gorling;Gorling;;;;;;;;;;;;;x
c_gorling_adj;Gorling;;;;;;;;;;;;;x
c_graddun;Graddun;;;;;;;;;;;;;x
c_graddun_adj;Graddun;;;;;;;;;;;;;x
c_grayrock;Grayrock;;;;;;;;;;;;;x
c_grayrock_adj;Grayrock;;;;;;;;;;;;;x
c_grazelands;Grazelands;;;;;;;;;;;;;x
c_grazelands_adj;Landic;;;;;;;;;;;;;x
c_greenglade;Greenglade;;;;;;;;;;;;;x
c_greenglade_adj;Greengladic;;;;;;;;;;;;;x
c_greenhall;Greenhall;;;;;;;;;;;;;x
c_greenhall_adj;Greenhall;;;;;;;;;;;;;x
c_greenheart;Greenheart;;;;;;;;;;;;;x
c_greenheart_adj;Greenheart;;;;;;;;;;;;;x
c_greenheights;Alt Bosara;;;;;;;;;;;;;x
c_greenheights_adj;Bosaran;;;;;;;;;;;;;x
c_greenpoint;Greenpoint;;;;;;;;;;;;;x
c_greenpoint_adj;Greenpointer;;;;;;;;;;;;;x
c_greenspring;Greenspring;;;;;;;;;;;;;x
c_greenspring_adj;Greenspring;;;;;;;;;;;;;x
c_greenvale;Greenvale;;;;;;;;;;;;;x
c_greenvale_adj;Greenvale;;;;;;;;;;;;;x
c_greyleaf;Greyleaf;;;;;;;;;;;;;x
c_greyleaf_adj;Greyleaf;;;;;;;;;;;;;x
c_greymoor;Greymoor;;;;;;;;;;;;;x
c_greymoor_adj;Greymoorish;;;;;;;;;;;;;x
c_greywinter;Greywinter;;;;;;;;;;;;;x
c_greywinter_adj;Greywinter;;;;;;;;;;;;;x
c_grimrock;Grimrock;;;;;;;;;;;;;x
c_grimrock_adj;Grimrocker;;;;;;;;;;;;;x
c_haalfingar;Deepwood;;;;;;;;;;;;;x
c_haalfingar_adj;Deepwood;;;;;;;;;;;;;x
c_hackdirt;Hackdirt;;;;;;;;;;;;;x
c_hackdirt_adj;Hacker;;;;;;;;;;;;;x
c_hafar;Hafar;;;;;;;;;;;;;x
c_hafar_adj;Hafarian;;;;;;;;;;;;;x
c_halaran;Halaran;;;;;;;;;;;;;x
c_halaran_adj;Halarannic;;;;;;;;;;;;;x
c_hame;Hame;;;;;;;;;;;;;x
c_hame_adj;Hamer;;;;;;;;;;;;;x
c_hanar;Hanar;;;;;;;;;;;;;x
c_hanar_adj;Hanar;;;;;;;;;;;;;x
c_handumur;Handumur;;;;;;;;;;;;;x
c_handumur_adj;Handumur;;;;;;;;;;;;;x
c_haocian;Haocian;;;;;;;;;;;;;x
c_haocian_adj;Haocianic;;;;;;;;;;;;;x
c_harcane;Harcane;;;;;;;;;;;;;x
c_harcane_adj;Harcanean;;;;;;;;;;;;;x
c_harescross;Hare's Cross;;;;;;;;;;;;;x
c_harescross_adj;Hare's Cross;;;;;;;;;;;;;x
c_harlun;Harlun's Watch;;;;;;;;;;;;;x
c_harlun_adj;Harlun;;;;;;;;;;;;;x
c_harmugstalh;Harmugstalh;;;;;;;;;;;;;x
c_harmugstalh_adj;Harmugstalh;;;;;;;;;;;;;x
c_harrowwell;Harrow Well;;;;;;;;;;;;;x
c_harrowwell_adj;Harrow;;;;;;;;;;;;;x
c_hasayo;Hasayo;;;;;;;;;;;;;x
c_hasayo_adj;Hasayan;;;;;;;;;;;;;x
c_hastrel;Hastrel;;;;;;;;;;;;;x
c_hastrel_adj;Hastrellian;;;;;;;;;;;;;x
c_haven;Haven;;;;;;;;;;;;;x
c_haven_adj;Haven;;;;;;;;;;;;;x
c_havisti;Havisti;;;;;;;;;;;;;x
c_havisti_adj;Havistian;;;;;;;;;;;;;x
c_hawlok;Hawlok;;;;;;;;;;;;;x
c_hawlok_adj;Hawlok;;;;;;;;;;;;;x
c_heartbush;Heartbush;;;;;;;;;;;;;x
c_heartbush_adj;Heartbush;;;;;;;;;;;;;x
c_hearthgrove;Hearthgrove;;;;;;;;;;;;;x
c_hearthgrove_adj;Hearthgrover;;;;;;;;;;;;;x
c_hearthshield;Hearthshield;;;;;;;;;;;;;x
c_hearthshield_adj;Hearthshield;;;;;;;;;;;;;x
c_hegathe;Hegathe;;;;;;;;;;;;;x
c_hegathe_adj;Hegathian;;;;;;;;;;;;;x
c_heimdar;Heimdar;;;;;;;;;;;;;x
c_heimdar_adj;Heimdar;;;;;;;;;;;;;x
c_heimlyn;Heimlyn;;;;;;;;;;;;;x
c_heimlyn_adj;Heimlynnic;;;;;;;;;;;;;x
c_heimthor;Heimthor;;;;;;;;;;;;;x
c_heimthor_adj;Heimthorian;;;;;;;;;;;;;x
c_heldorn;Heldorn;;;;;;;;;;;;;x
c_heldorn_adj;Heldornan;;;;;;;;;;;;;x
c_helgen;Helgen;;;;;;;;;;;;;x
c_helgen_adj;Helgen;;;;;;;;;;;;;x
c_helkarn;Helkarn;;;;;;;;;;;;;x
c_helkarn_adj;Helkarnian;;;;;;;;;;;;;x
c_helnim;Helnim;;;;;;;;;;;;;x
c_helnim_adj;Helnimmic;;;;;;;;;;;;;x
c_helstrom;Helstrom;;;;;;;;;;;;;x
c_helstrom_adj;Helstromic;;;;;;;;;;;;;x
c_herne;Herne;;;;;;;;;;;;;x
c_herne_adj;Hernian;;;;;;;;;;;;;x
c_herpung;Herpung;;;;;;;;;;;;;x
c_herpung_adj;Herpung;;;;;;;;;;;;;x
c_hewsbane;Hew's Bane;;;;;;;;;;;;;x
c_hewsbane_adj;Hewic;;;;;;;;;;;;;x
c_hianwo;Hianwo;;;;;;;;;;;;;x
c_hianwo_adj;Hianwon;;;;;;;;;;;;;x
c_highgate;Highgate;;;;;;;;;;;;;x
c_highgate_adj;Highgater;;;;;;;;;;;;;x
c_hirstang;Hirstang;;;;;;;;;;;;;x
c_hirstang_adj;Hirstang;;;;;;;;;;;;;x
c_hnas;Hnas;;;;;;;;;;;;;x
c_hnas_adj;Hnasian;;;;;;;;;;;;;x
c_hobei;Ho Bei;;;;;;;;;;;;;x
c_hobei_adj;Ho Beian;;;;;;;;;;;;;x
c_homestead;Homestead;;;;;;;;;;;;;x
c_homestead_adj;Homesteader;;;;;;;;;;;;;x
c_horunn;Horunn;;;;;;;;;;;;;x
c_horunn_adj;Horunnic;;;;;;;;;;;;;x
c_hraggstad;Hraggstad;;;;;;;;;;;;;x
c_hraggstad_adj;Hraggstader;;;;;;;;;;;;;x
c_hrotanda;Hrotanda;;;;;;;;;;;;;x
c_hrotanda_adj;Hrotandian;;;;;;;;;;;;;x
c_huachang;Hua Chang;;;;;;;;;;;;;x
c_huachang_adj;Hua Chang;;;;;;;;;;;;;x
c_huadung;Hua Dung;;;;;;;;;;;;;x
c_huadung_adj;Hua Dung;;;;;;;;;;;;;x
c_huala;Hua La;;;;;;;;;;;;;x
c_huala_adj;Hua La;;;;;;;;;;;;;x
c_hupnap;Hupnap;;;;;;;;;;;;;x
c_hupnap_adj;Hupnapian;;;;;;;;;;;;;x
c_ijato_adj;Ijatan;;;;;;;;;;;;;x
c_ilessan;Ilessan;;;;;;;;;;;;;x
c_ilessan_adj;Ilessan;;;;;;;;;;;;;x
c_imperialisle;Imperial Isle;;;;;;;;;;;;;x
c_imperialisle_adj;Imperial;;;;;;;;;;;;;x
c_inawihe;Inawihe;;;;;;;;;;;;;x
c_inawihe_adj;Inawihan;;;;;;;;;;;;;x
c_indradung;Indradung;;;;;;;;;;;;;x
c_indradung_adj;Indradung;;;;;;;;;;;;;x
c_indratra;Indratra;;;;;;;;;;;;;x
c_indratra_adj;Indratra;;;;;;;;;;;;;x
c_ioxao;Io Xao;;;;;;;;;;;;;x
c_ioxao_adj;Io Xaic;;;;;;;;;;;;;x
c_ironbark;Ironbark;;;;;;;;;;;;;x
c_ironbark_adj;Ironbark;;;;;;;;;;;;;x
c_ironbind;Ironbind;;;;;;;;;;;;;x
c_ironbind_adj;Ironbinder;;;;;;;;;;;;;x
c_irony;Irony;;;;;;;;;;;;;x
c_irony_adj;Ironic;;;;;;;;;;;;;x
c_isinfier;Isinfier;;;;;;;;;;;;;x
c_isinfier_adj;Isinfieric;;;;;;;;;;;;;x
c_isthme;Isthme;;;;;;;;;;;;;x
c_isthme_adj;Isthmean;;;;;;;;;;;;;x
c_istirus;Istirus;;;;;;;;;;;;;x
c_istirus_adj;Istiran;;;;;;;;;;;;;x
c_istmal;Istmal;;;;;;;;;;;;;x
c_istmal_adj;Istmal;;;;;;;;;;;;;x
c_istrius_adj;Istrian;;;;;;;;;;;;;x
c_ivarstead;Ivarstead;;;;;;;;;;;;;x
c_ivarstead_adj;Ivarstead;;;;;;;;;;;;;x
c_izmalya;Izmalya;;;;;;;;;;;;;x
c_izmalya_adj;Izmalya;;;;;;;;;;;;;x
c_izmiltep;Izmiltep;;;;;;;;;;;;;x
c_izmiltep_adj;Izmiltep;;;;;;;;;;;;;x
c_izmursa;Izmursa;;;;;;;;;;;;;x
c_izmursa_adj;Izmursa;;;;;;;;;;;;;x
c_jadahar;Jadahar;;;;;;;;;;;;;x
c_jadahar_adj;Jadahar;;;;;;;;;;;;;x
c_jamadur;Jamadur;;;;;;;;;;;;;x
c_jamadur_adj;Jamadur;;;;;;;;;;;;;x
c_jandal;Jandal;;;;;;;;;;;;;x
c_jandal_adj;Jandal;;;;;;;;;;;;;x
c_jaspet;Jaspet;;;;;;;;;;;;;x
c_jaspet_adj;Jaspettish;;;;;;;;;;;;;x
c_jatan;Jatan;;;;;;;;;;;;;x
c_jatan_adj;Jatan;;;;;;;;;;;;;x
c_jehenna_adj;Jehennan;;;;;;;;;;;;;x
c_jeral;Jerall;;;;;;;;;;;;;;
c_jerall_adj;Jerall;;;;;;;;;;;;;x
c_jeral_adj;Jerallian;;;;;;;;;;;;;;
c_jodestone;Jodestone;;;;;;;;;;;;;x
c_jodestone_adj;Jodian;;;;;;;;;;;;;x
c_kaaz;Kaaz;;;;;;;;;;;;;x
c_kaaz_adj;Kaaz;;;;;;;;;;;;;x
c_kadagri;Kadagri;;;;;;;;;;;;;x
c_kadagri_adj;Kadagri;;;;;;;;;;;;;x
c_kadmal;Kadmal;;;;;;;;;;;;;x
c_kadmal_adj;Kadmal;;;;;;;;;;;;;x
c_kahmaras;Kahmaras;;;;;;;;;;;;;x
c_kahmaras_adj;Kahmaras;;;;;;;;;;;;;x
c_kahrahir;Kahrahir;;;;;;;;;;;;;x
c_kahrahir_adj;Kahrahir;;;;;;;;;;;;;x
c_kalathani;Kalathani;;;;;;;;;;;;;x
c_kalathani_adj;Kalathanian;;;;;;;;;;;;;x
c_kaliggau;Kaliggau;;;;;;;;;;;;;x
c_kaliggau_adj;Kaliggau;;;;;;;;;;;;;x
c_kambrian;Kambria;;;;;;;;;;;;;x
c_kambria_adj;Kambrian;;;;;;;;;;;;;x
c_kamery;Kamery;;;;;;;;;;;;;x
c_kamery_adj;Kameric;;;;;;;;;;;;;x
c_kamipung;Kamipung;;;;;;;;;;;;;x
c_kamipung_adj;Kamipung;;;;;;;;;;;;;x
c_kamori;Kamori;;;;;;;;;;;;;x
c_kamori_adj;Kamori;;;;;;;;;;;;;x
c_kamum;Kamum;;;;;;;;;;;;;x
c_kamum_adj;Kamum;;;;;;;;;;;;;x
c_kanaveh;Kanaveh;;;;;;;;;;;;;x
c_kanaveh_adj;Kanaveh;;;;;;;;;;;;;x
c_kanesh;Kanesh;;;;;;;;;;;;;x
c_kanesh_adj;Kanesh;;;;;;;;;;;;;x
c_kanthum;Kanthum;;;;;;;;;;;;;x
c_kanthum_adj;Kanthum;;;;;;;;;;;;;x
c_kaon;Kaon;;;;;;;;;;;;;x
c_kaon_adj;Kaonic;;;;;;;;;;;;;x
c_karabak;Karabak;;;;;;;;;;;;;x
c_karabak_adj;Karabak;;;;;;;;;;;;;x
c_karfa;Karfa;;;;;;;;;;;;;x
c_karfa_adj;Karfa;;;;;;;;;;;;;x
c_karakon;Karakon;;;;;;;;;;;;;x
c_karakon_adj;Karakon;;;;;;;;;;;;;x
c_karitu;Karitu;;;;;;;;;;;;;x
c_karitu_adj;Karitu;;;;;;;;;;;;;x
c_kariwesi;Kariwesi;;;;;;;;;;;;;x
c_kariwesi_adj;Kariwesi;;;;;;;;;;;;;x
c_karndar;Karndar;;;;;;;;;;;;;x
c_karndar_adj;Karndaran;;;;;;;;;;;;;x
c_karnver;Karnver;;;;;;;;;;;;;x
c_karnver_adj;Karnveric;;;;;;;;;;;;;x
c_karstaag;Karstaag;;;;;;;;;;;;;x
c_karstaag_adj;Karstagian;;;;;;;;;;;;;x
c_karthspire;Karthspire;;;;;;;;;;;;;x
c_karthspire_adj;Karthspire;;;;;;;;;;;;;x
c_karthwasten;Karthwasten;;;;;;;;;;;;;x
c_karthwasten_adj;Karthwasten;;;;;;;;;;;;;x
c_karum;Karum;;;;;;;;;;;;;x
c_karum_adj;Karum;;;;;;;;;;;;;x
c_kashmir;Kashmir;;;;;;;;;;;;;x
c_kashmir_adj;Kashmir;;;;;;;;;;;;;x
c_kastav;Kastav;;;;;;;;;;;;;x
c_kastav_adj;Kastavian;;;;;;;;;;;;;x
c_katamiri;Kata Miri;;;;;;;;;;;;;x
c_katamiri_adj;Kata Mirian;;;;;;;;;;;;;x
c_katapur;Katapur;;;;;;;;;;;;;x
c_katapur_adj;Katapur;;;;;;;;;;;;;x
c_kathdar;Kathdar;;;;;;;;;;;;;x
c_kathdar_adj;Kathdar;;;;;;;;;;;;;x
c_kathgran_adj;Kathgranite;;;;;;;;;;;;;x
c_kaur;Kaur;;;;;;;;;;;;;x
c_kaur_adj;Kaur;;;;;;;;;;;;;x
c_kayakent;Kayakent;;;;;;;;;;;;;x
c_kayakent_adj;Kayakent;;;;;;;;;;;;;x
c_kayara;Kayara;;;;;;;;;;;;;x
c_kayara_adj;Kayara;;;;;;;;;;;;;x
c_kediskele;Kediskele;;;;;;;;;;;;;x
c_kediskele_adj;Kediskele;;;;;;;;;;;;;x
c_keirgo;Keirgo;;;;;;;;;;;;;x
c_keirgo_adj;Keirgan;;;;;;;;;;;;;x
c_kemen;Kemen;;;;;;;;;;;;;x
c_kemen_adj;Kemian;;;;;;;;;;;;;x
c_khael_adj;Khaelan;;;;;;;;;;;;;x
c_khajay;Khajay;;;;;;;;;;;;;x
c_khajay_adj;Khajaen;;;;;;;;;;;;;x
c_khonkoi;Khonkoi;;;;;;;;;;;;;x
c_khonkoi_adj;Khonkoi;;;;;;;;;;;;;x
c_khonong;Khonong;;;;;;;;;;;;;x
c_khonong_adj;Khonong;;;;;;;;;;;;;x
c_kidal;Kidal;;;;;;;;;;;;;x
c_kidal_adj;Kidallic;;;;;;;;;;;;;x
c_kingscrest;Kingscrest;;;;;;;;;;;;;x
c_kingscrest_adj;Kingscrest;;;;;;;;;;;;;x
c_kingshaven;King's Haven;;;;;;;;;;;;;x
c_kingshaven_adj;Kingslander;;;;;;;;;;;;;x
c_kingswatch;King's Watch;;;;;;;;;;;;;x
c_kingswatch_adj;Watcher;;;;;;;;;;;;;x
c_kiraman;Kiraman;;;;;;;;;;;;;x
c_kiraman_adj;Kiraman;;;;;;;;;;;;;x
c_kithendis;Kithendis;;;;;;;;;;;;;x
c_kithendis_adj;Kithendian;;;;;;;;;;;;;x
c_kituna;Kituna;;;;;;;;;;;;;x
c_kituna_adj;Kitunan;;;;;;;;;;;;;x
c_koegria;Koegria;;;;;;;;;;;;;x
c_koegria_adj;Koegrian;;;;;;;;;;;;;x
c_konda;Konda;;;;;;;;;;;;;x
c_konda_adj;Konda;;;;;;;;;;;;;x
c_koong;Ko Ong;;;;;;;;;;;;;x
c_koong_adj;Ko Ong;;;;;;;;;;;;;x
c_korica;Korica;;;;;;;;;;;;;x
c_korica_adj;Korica;;;;;;;;;;;;;x
c_korsus;Korsus;;;;;;;;;;;;;x
c_korsus_adj;Korsus;;;;;;;;;;;;;x
c_korvanjund;Korvanjund;;;;;;;;;;;;;x
c_korvanjund_adj;Korvanic;;;;;;;;;;;;;x
c_kouiko;Kou Iko;;;;;;;;;;;;;x
c_kouiko_adj;Kou Ikoic;;;;;;;;;;;;;x
c_kovelir;Kovelir;;;;;;;;;;;;;x
c_kovelir_adj;Kovelir;;;;;;;;;;;;;x
c_kozain;Kozain;;;;;;;;;;;;;x
c_kozain_adj;Kozain;;;;;;;;;;;;;x
c_kragenmoor;Kragenmoorish;;;;;;;;;;;;;x
c_kragenmoor_adj;Kragenmooran;;;;;;;;;;;;;x
c_kruzka;Kevalla;;;;;;;;;;;;;x
c_kruzka_adj;Kevallan;;;;;;;;;;;;;x
c_kumuuk;Kumuuk;;;;;;;;;;;;;x
c_kumuuk_adj;Kumuuk;;;;;;;;;;;;;x
c_kvatch;Kvatch;;;;;;;;;;;;;x
c_kvatch_adj;Kvatchian;;;;;;;;;;;;;x
c_lagon;Lagon;;;;;;;;;;;;;x
c_lagon_adj;Lagonian;;;;;;;;;;;;;x
c_lagos;Lagos;;;;;;;;;;;;;x
c_lagos_adj;Lagossian;;;;;;;;;;;;;x
c_lainebon;Lainebon;;;;;;;;;;;;;x
c_lainebon_adj;Lainian;;;;;;;;;;;;;x
c_lainlyn;Lainlyn;;;;;;;;;;;;;x
c_lainlyn_adj;Lainlynian;;;;;;;;;;;;;x
c_lamkaen;Lam Kaen;;;;;;;;;;;;;x
c_lamkaen_adj;Lam Kaen;;;;;;;;;;;;;x
c_lampang;Lampang;;;;;;;;;;;;;x
c_lampang_adj;Lampang;;;;;;;;;;;;;x
c_langkhon;Langkhon;;;;;;;;;;;;;x
c_langkhon_adj;Langkhon;;;;;;;;;;;;;x
c_langthong;Lang Thong;;;;;;;;;;;;;x
c_langthong_adj;Lang Thong;;;;;;;;;;;;;x
c_lankara;Lankara;;;;;;;;;;;;;x
c_lankara_adj;Lankaran;;;;;;;;;;;;;x
c_lankaran;Lankaran;;;;;;;;;;;;;x
c_lankaran_adj;Lankaran;;;;;;;;;;;;;x
c_lankhmar;Lankhmar;;;;;;;;;;;;;x
c_lankhmar_adj;Lankhmaric;;;;;;;;;;;;;x
c_larsus;Larsus;;;;;;;;;;;;;x
c_larsus_adj;Larsian;;;;;;;;;;;;;x
c_latchanaburi;Latchanaburi;;;;;;;;;;;;;x
c_latchanaburi_adj;Latchanaburi;;;;;;;;;;;;;x
c_lautah;Lautah;;;;;;;;;;;;;x
c_lautah_adj;Lautah;;;;;;;;;;;;;x
c_lautsat;Lautsat;;;;;;;;;;;;;x
c_lautsat_adj;Lautsat;;;;;;;;;;;;;x
c_lesperon_adj;Lesperonite;;;;;;;;;;;;;x
c_leyawiin;Leyawiin;;;;;;;;;;;;;x
c_leyawiin_adj;Leyawiinian;;;;;;;;;;;;;x
c_lillandril;Lillandril;;;;;;;;;;;;;x
c_lillandril_adj;Lillandrillic;;;;;;;;;;;;;x
c_lillwood;Lillwood;;;;;;;;;;;;;x
c_lillwood_adj;Lillwood;;;;;;;;;;;;;x
c_lilmoth;Lilmoth;;;;;;;;;;;;;x
c_lilmoth_adj;Lilmothian;;;;;;;;;;;;;x
c_linchal;Linchal;;;;;;;;;;;;;x
c_linchal_adj;Linchallian;;;;;;;;;;;;;x
c_lindai;Lindai;;;;;;;;;;;;;x
c_lipsand;Lipsand;;;;;;;;;;;;;x
c_lividur;Lividur;;;;;;;;;;;;;x
c_lividur_adj;Lividur;;;;;;;;;;;;;x
c_llanowar;Llanowar;;;;;;;;;;;;;x
c_llanowar_adj;Llanowar;;;;;;;;;;;;;x
c_lleris;Bal Foyen;;;;;;;;;;;;;x
c_lleris_adj;Bal Foyen;;;;;;;;;;;;;x
c_lochfort;Lochfort;;;;;;;;;;;;;x
c_lochfort_adj;Lochian;;;;;;;;;;;;;x
c_lohur;Lohur;;;;;;;;;;;;;x
c_lohur_adj;Lohur;;;;;;;;;;;;;x
c_lolthanis;Lolthanis;;;;;;;;;;;;;x
c_lolthanis_adj;Lolthannic;;;;;;;;;;;;;x
c_longhaven;Longhaven;;;;;;;;;;;;;x
c_longhaven_adj;Longhaven;;;;;;;;;;;;;x
c_longvale;Longvale;;;;;;;;;;;;;x
c_longvale_adj;Longvale;;;;;;;;;;;;;x
c_lor;Lor;;;;;;;;;;;;;x
c_lor_adj;Lorian;;;;;;;;;;;;;x
c_lorient;Lorient;;;;;;;;;;;;;x
c_lorient_adj;Lorientish;;;;;;;;;;;;;x
c_luang;Lu Ang;;;;;;;;;;;;;x
c_luang_adj;Lu Ang;;;;;;;;;;;;;x
c_lympar;Lympar;;;;;;;;;;;;;x
c_lympar_adj;Lympar;;;;;;;;;;;;;x
c_maargan;Maar Gan;;;;;;;;;;;;;x
c_maargan_adj;Maar Gannic;;;;;;;;;;;;;x
c_mackamentain;Mackamentain;;;;;;;;;;;;;x
c_mackamentain_adj;Mackamentainian;;;;;;;;;;;;;x
c_maetaphut;Mae Taphut;;;;;;;;;;;;;x
c_maetaphut_adj;Mae Taphut;;;;;;;;;;;;;x
c_maethong;Mae Thong;;;;;;;;;;;;;x
c_maethong_adj;Mae Thong;;;;;;;;;;;;;x
c_magia;Magia;;;;;;;;;;;;;x
c_magia_adj;Magian;;;;;;;;;;;;;x
c_mahala;Mahala;;;;;;;;;;;;;x
c_mahala_adj;Mahala;;;;;;;;;;;;;x
c_mahawat;Mahawat;;;;;;;;;;;;;x
c_mahawat_adj;Mahawat;;;;;;;;;;;;;x
c_malada;Malada;;;;;;;;;;;;;x
c_malada_adj;Maladan;;;;;;;;;;;;;x
c_manggara;Manggara;;;;;;;;;;;;;x
c_manggara_adj;Manggara;;;;;;;;;;;;;x
c_manivas;Manivas;;;;;;;;;;;;;x
c_manivas_adj;Manivas;;;;;;;;;;;;;x
c_manjung;Manjung;;;;;;;;;;;;;x
c_manjung_adj;Manjung;;;;;;;;;;;;;x
c_mantu;Mantu;;;;;;;;;;;;;x
c_mantu_adj;Mantuan;;;;;;;;;;;;;x
c_maonlaup;Maonlaup;;;;;;;;;;;;;x
c_maonlaup_adj;Maonlaupian;;;;;;;;;;;;;x
c_marbrook_adj;Marbrook;;;;;;;;;;;;;x
c_marbruk;Marbruk;;;;;;;;;;;;;x
c_marbruk_adj;Marbruk;;;;;;;;;;;;;x
c_marfez;Marfez;;;;;;;;;;;;;x
c_marfez_adj;Marfez;;;;;;;;;;;;;x
c_markarth;Markarth;;;;;;;;;;;;;x
c_markarth_adj;Markarthian;;;;;;;;;;;;;x
c_markgran;Markgran;;;;;;;;;;;;;x
c_markgran_adj;Markgrannic;;;;;;;;;;;;;x
c_markmont;Markmont;;;;;;;;;;;;;x
c_markmont_adj;Markmontian;;;;;;;;;;;;;x
c_markwasten;Markwasten;;;;;;;;;;;;;x
c_markwasten_adj;Markwasten;;;;;;;;;;;;;x
c_marnor;Marnor;;;;;;;;;;;;;x
c_marnor_adj;Marnoric;;;;;;;;;;;;;x
c_marr;Marr;;;;;;;;;;;;;x
c_marr_adj;Marrian;;;;;;;;;;;;;x
c_marshwell;Marshwell;;;;;;;;;;;;;x
c_masad;Masad;;;;;;;;;;;;;x
c_masad_adj;Masadic;;;;;;;;;;;;;x
c_mashamir;Mashamir;;;;;;;;;;;;;x
c_mashamir_adj;Mashamir;;;;;;;;;;;;;x
c_matama;Matama;;;;;;;;;;;;;x
c_matama_adj;Mataman;;;;;;;;;;;;;x
c_mavikara;Mavikara;;;;;;;;;;;;;x
c_mavikara_adj;Mavikara;;;;;;;;;;;;;x
c_mayat;Mayat;;;;;;;;;;;;;x
c_mayat_adj;Mayat;;;;;;;;;;;;;x
c_mehmet;Mehmet;;;;;;;;;;;;;x
c_mehmet_adj;Mehmetian;;;;;;;;;;;;;x
c_meirhall_adj;Merihallian;;;;;;;;;;;;;x
c_meirlynmount;Lynmount;;;;;;;;;;;;;x
c_meirlynmount_adj;Lynmountian;;;;;;;;;;;;;x
c_mekaya_adj;Mekayan;;;;;;;;;;;;;x
c_meralang;Meralang;;;;;;;;;;;;;x
c_meralang_adj;Meralang;;;;;;;;;;;;;x
c_mergrove;Mergrove;;;;;;;;;;;;;x
c_mergrove_adj;Mergroven;;;;;;;;;;;;;x
c_meruma;Meruma;;;;;;;;;;;;;x
c_meruma_adj;Meruma;;;;;;;;;;;;;x
c_middlemarch;Middlemarch;;;;;;;;;;;;;x
c_middlemarch_adj;Middlemarcher;;;;;;;;;;;;;x
c_mirnaraa;Mir Naraa;;;;;;;;;;;;;x
c_mirnaraa_adj;Mir Naraan;;;;;;;;;;;;;x
c_mirpur;Mirpur;;;;;;;;;;;;;x
c_mirpur_adj;Mirpur;;;;;;;;;;;;;x
c_miscarcand;Miscarcand;;;;;;;;;;;;;x
c_miscarcand_adj;Miscarian;;;;;;;;;;;;;x
c_mistwach_adj;Mistwatcher;;;;;;;;;;;;;x
c_mistwatch;Mistwatch;;;;;;;;;;;;;x
c_mistwatch_adj;Mistwatcher;;;;;;;;;;;;;x
c_moesring;Moesring;;;;;;;;;;;;;x
c_moesring_adj;Moesringian;;;;;;;;;;;;;x
c_molagamur;Molag Amur;;;;;;;;;;;;;x
c_molagamur_adj;Amurian;;;;;;;;;;;;;x
c_monain;Merick;;;;;;;;;;;;;x
c_monain_adj;Merician;;;;;;;;;;;;;x
c_moonglade;Moonglade;;;;;;;;;;;;;x
c_moonglade_adj;Moonglade;;;;;;;;;;;;;x
c_moonmarch;Moonmarch;;;;;;;;;;;;;x
c_moonmarch_adj;Moonmarch;;;;;;;;;;;;;x
c_jathsogur;Jathsogur;;;;;;;;;;;;;x
c_jathsogur_adj;Jathsoguric;;;;;;;;;;;;;x
c_morahame;Morahame;;;;;;;;;;;;;x
c_morahame_adj;Morahamer;;;;;;;;;;;;;x
c_moranda;Moranda;;;;;;;;;;;;;x
c_moranda_adj;Morandian;;;;;;;;;;;;;x
c_morthal;Morthal;;;;;;;;;;;;;x
c_morthal_adj;Morthallic;;;;;;;;;;;;;x
c_morvunskar;Morvunskar;;;;;;;;;;;;;x
c_morvunskar_adj;Morvunskar;;;;;;;;;;;;;x
c_mothriva;Mothriva;;;;;;;;;;;;;x
c_mothriva_adj;Mothrivan;;;;;;;;;;;;;x
c_mournoth;Helra;;;;;;;;;;;;;x
c_mournoth_adj;Helraic;;;;;;;;;;;;;x
c_mujum;Mujum;;;;;;;;;;;;;x
c_mujum_adj;Mujum;;;;;;;;;;;;;x
c_muk;Muk;;;;;;;;;;;;;x
c_muk_adj;Muk;;;;;;;;;;;;;x
c_murkwood;Mirkwood;;;;;;;;;;;;;x
c_murkwood_adj;Murkic;;;;;;;;;;;;;x
c_mus;Mus;;;;;;;;;;;;;x
c_mus_adj;Mus;;;;;;;;;;;;;x
c_musehir;Musehir;;;;;;;;;;;;;x
c_musehir_adj;Musehir;;;;;;;;;;;;;x
c_musorfez;Musorfez;;;;;;;;;;;;;x
c_musorfez_adj;Musorfez;;;;;;;;;;;;;x
c_muthada;Muthada;;;;;;;;;;;;;x
c_muthada_adj;Muthadan;;;;;;;;;;;;;x
c_myrmarsh;Myrmarsh;;;;;;;;;;;;;x
c_nagastani;Nagastani;;;;;;;;;;;;;x
c_nagastani_adj;Nagastanian;;;;;;;;;;;;;x
c_nalsar;Nalonga;;;;;;;;;;;;;x
c_nalsar_adj;Nalongan;;;;;;;;;;;;;x
c_namien;Namien;;;;;;;;;;;;;x
c_namien_adj;Namienic;;;;;;;;;;;;;x
c_nanpong;Nanpong;;;;;;;;;;;;;x
c_nanpong_adj;Nanpong;;;;;;;;;;;;;x
c_narasak;Narasak;;;;;;;;;;;;;x
c_narasak_adj;Narasak;;;;;;;;;;;;;x
c_narrusa;Narrusa;;;;;;;;;;;;;x
c_narrusa_adj;Narrusan;;;;;;;;;;;;;x
c_narsis;Narsis;;;;;;;;;;;;;x
c_narsis_adj;Narsian;;;;;;;;;;;;;x
c_naso;Naso;;;;;;;;;;;;;x
c_naso_adj;Nasic;;;;;;;;;;;;;x
c_nekeo;Nekeo;;;;;;;;;;;;;x
c_nekeo_adj;Nekeic;;;;;;;;;;;;;x
c_nequinal;Ne Quin-Al;;;;;;;;;;;;;x
c_nequinal_adj;Nequin;;;;;;;;;;;;;x
c_nettleshin;Nettleshin;;;;;;;;;;;;;x
c_nettleshin_adj;Nettleshin;;;;;;;;;;;;;x
c_neugrad;Neugrad;;;;;;;;;;;;;x
c_neugrad_adj;Neugrad;;;;;;;;;;;;;x
c_nikel;Nikel;;;;;;;;;;;;;x
c_nikel_adj;Nikellen;;;;;;;;;;;;;x
c_nilheim;Nilheim;;;;;;;;;;;;;x
c_nilheim_adj;Nilheimer;;;;;;;;;;;;;x
c_nimbel;Nimbel;;;;;;;;;;;;;x
c_nimbel_adj;Nimbelan;;;;;;;;;;;;;x
c_nod;Nod;;;;;;;;;;;;;x
c_nod_adj;Nodic;;;;;;;;;;;;;x
c_nomore;Nomore;;;;;;;;;;;;;x
c_nomore_adj;Nomoric;;;;;;;;;;;;;x
c_nonwyll;Nonwyll;;;;;;;;;;;;;x
c_nonwyll_adj;Nonwyllian;;;;;;;;;;;;;x
c_normar;Normar;;;;;;;;;;;;;x
c_normar_adj;Normar;;;;;;;;;;;;;x
c_nornalhorst;Nornalhorst;;;;;;;;;;;;;x
c_nornalhorst_adj;Nornalhorster;;;;;;;;;;;;;x
c_northall;North Hall;;;;;;;;;;;;;x
c_northall_adj;North Hall;;;;;;;;;;;;;x
c_northmoor;Northmoor;;;;;;;;;;;;;x
c_northmoor_adj;Northmoorish;;;;;;;;;;;;;x
c_northpoint;Northpoint;;;;;;;;;;;;;x
c_northpoint_adj;Northpoint;;;;;;;;;;;;;x
c_northspring;Northspring;;;;;;;;;;;;;x
c_northspring_adj;Northspringer;;;;;;;;;;;;;x
c_northwatch;Northwatch;;;;;;;;;;;;;x
c_northwatch_adj;Northwatcher;;;;;;;;;;;;;x
c_noulnok;Noulnok;;;;;;;;;;;;;x
c_noulnok_adj;Noulnokian;;;;;;;;;;;;;x
c_nuak;Nuak;;;;;;;;;;;;;x
c_nuak_adj;Nuak;;;;;;;;;;;;;x
c_nurak;Nurak;;;;;;;;;;;;;x
c_nurak_adj;Nurak;;;;;;;;;;;;;x
c_odhisar;Odhisar;;;;;;;;;;;;;x
c_odhisar_adj;Odhisar;;;;;;;;;;;;;x
c_oee;Oee;;;;;;;;;;;;;x
c_oee_adj;Oee;;;;;;;;;;;;;x
c_ofusu;Ofusu;;;;;;;;;;;;;x
c_ofusu_adj;Ofusu;;;;;;;;;;;;;x
c_ohmes;Ohmes;;;;;;;;;;;;;x
c_ohmes_adj;Ohmaic;;;;;;;;;;;;;x
c_ohukoa;Ohukoa;;;;;;;;;;;;;x
c_ohukoa_adj;Ohukoan;;;;;;;;;;;;;x
c_oldgate;Old Gate;;;;;;;;;;;;;x
c_oldgate_adj;Old Gate;;;;;;;;;;;;;x
c_oldkeep;Old Keep;;;;;;;;;;;;;x
c_oldkeep_adj;Old Keep;;;;;;;;;;;;;x
c_oldport;Old Port;;;;;;;;;;;;;x
c_oldport_adj;Old Port;;;;;;;;;;;;;x
c_olrenthis;Olrenthis;;;;;;;;;;;;;x
c_olrenthis_adj;Olrenthettic;;;;;;;;;;;;;x
c_olthrenis;Olthrenis;;;;;;;;;;;;;x
c_olthrenis_adj;Olthrenic;;;;;;;;;;;;;x
c_omavel;Omavel;;;;;;;;;;;;;x
c_omavel_adj;Omavel;;;;;;;;;;;;;x
c_omayni;Omayni;;;;;;;;;;;;;x
c_omayni_adj;Omaynian;;;;;;;;;;;;;x
c_omnat;Om Nat;;;;;;;;;;;;;x
c_omnat_adj;Om Nat;;;;;;;;;;;;;x
c_omnia;Omnia;;;;;;;;;;;;;x
c_omnia_adj;Omnic;;;;;;;;;;;;;x
c_ontus;Ontus;;;;;;;;;;;;;x
c_ontus_adj;Ontic;;;;;;;;;;;;;x
c_oran;Oran;;;;;;;;;;;;;x
c_oran_adj;Orannic;;;;;;;;;;;;;x
c_orcrest;Orcrest;;;;;;;;;;;;;x
c_orcrest_adj;Orcrestian;;;;;;;;;;;;;x
c_oren;Oren;;;;;;;;;;;;;x
c_oren_adj;Orennic;;;;;;;;;;;;;x
c_orlais;Orlais;;;;;;;;;;;;;x
c_orlais_adj;Orlessian;;;;;;;;;;;;;x
c_ormanbod;Ormanbod;;;;;;;;;;;;;x
c_ormanbod_adj;Ormanbod;;;;;;;;;;;;;x
c_orotheim;Orotheim;;;;;;;;;;;;;x
c_orotheim_adj;Orotheim;;;;;;;;;;;;;x
c_firebrand;Firebrand;;;;;;;;;;;;;x
c_firebrand_adj;Firebrand;;;;;;;;;;;;;x
c_orvault;Orvault;;;;;;;;;;;;;x
c_orvault_adj;Orvaulter;;;;;;;;;;;;;x
c_ouada;Ouada;;;;;;;;;;;;;x
c_ouada_adj;Ouadan;;;;;;;;;;;;;x
c_padomai;Padomai;;;;;;;;;;;;;x
c_padomai_adj;Padomaic;;;;;;;;;;;;;x
c_padomeic;Padomeic;;;;;;;;;;;;;x
c_padomeic_adj;Pademeican;;;;;;;;;;;;;x
c_pakong;Pa Kong;;;;;;;;;;;;;x
c_pakong_adj;Pa Kong;;;;;;;;;;;;;x
c_palepass;Pale Pass;;;;;;;;;;;;;x
c_palepass_adj;Pale Pass;;;;;;;;;;;;;x
c_panyat;Panyat;;;;;;;;;;;;;x
c_panyat_adj;Panyat;;;;;;;;;;;;;x
c_papraya;Papraya;;;;;;;;;;;;;x
c_papraya_adj;Papraya;;;;;;;;;;;;;x
c_pedraha;Pedraha;;;;;;;;;;;;;x
c_pedraha_adj;Pedrahani;;;;;;;;;;;;;x
c_pekman;Pekman;;;;;;;;;;;;;x
c_pekman_adj;Pekman;;;;;;;;;;;;;x
c_pelagiad;Pelagiad;;;;;;;;;;;;;x
c_pelagiad_adj;Pelagian;;;;;;;;;;;;;x
c_pellame;Pellame;;;;;;;;;;;;;x
c_pellame_adj;Pellamian;;;;;;;;;;;;;x
c_pellsgate;Pell's Gate;;;;;;;;;;;;;x
c_pellsgate_adj;Pell's Gate;;;;;;;;;;;;;x
c_penmarch;Penmarch;;;;;;;;;;;;;x
c_penmarch_adj;Penmarcher;;;;;;;;;;;;;x
c_periandor;Periandor;;;;;;;;;;;;;x
c_periandor_adj;Perian;;;;;;;;;;;;;x
c_phuchang;Phuchang;;;;;;;;;;;;;x
c_phuchang_adj;Phuchang;;;;;;;;;;;;;x
c_pontu;Pontu;;;;;;;;;;;;;x
c_pontu_adj;Pontian;;;;;;;;;;;;;x
c_portdun;Portdun Creek;;;;;;;;;;;;;x
c_portdun_adj;Portdun Creek;;;;;;;;;;;;;x
c_portneu;Portneu;;;;;;;;;;;;;x
c_portneu_adj;Portneuen;;;;;;;;;;;;;x
c_potidae;Potidae;;;;;;;;;;;;;x
c_potidae_adj;Potidaean;;;;;;;;;;;;;x
c_prachata;Prachata;;;;;;;;;;;;;x
c_prachata_adj;Prachata;;;;;;;;;;;;;x
c_praloris;Praloris;;;;;;;;;;;;;x
c_praloris_adj;Pralorric;;;;;;;;;;;;;x
c_puchang;Puchang;;;;;;;;;;;;;x
c_puchang_adj;Puchang;;;;;;;;;;;;;x
c_pyrrahn;Pyrrahn;;;;;;;;;;;;;x
c_pyrrahn_adj;Pyrrahnnic;;;;;;;;;;;;;x
c_qakhazan;Qakhazan;;;;;;;;;;;;;x
c_qakhazan_adj;Qakhazan;;;;;;;;;;;;;x
c_qao;Qao;;;;;;;;;;;;;x
c_qaonaomi;Qao-Nao-Mi;;;;;;;;;;;;;x
c_qaonaomi_adj;Qao-Nao-Mian;;;;;;;;;;;;;x
c_qao_adj;Qaon;;;;;;;;;;;;;x
c_qucal;Qucal;;;;;;;;;;;;;x
c_qucal_adj;Qucalic;;;;;;;;;;;;;x
c_quinrawl;Quin'Rawl;;;;;;;;;;;;;x
c_quinrawl_adj;Quinnic;;;;;;;;;;;;;x
c_quirion;Quirion;;;;;;;;;;;;;x
c_quirion_adj;Quirion;;;;;;;;;;;;;x
c_qul;Qul;;;;;;;;;;;;;x
c_qul_adj;Qul;;;;;;;;;;;;;x
c_qusar;Qusar;;;;;;;;;;;;;x
c_qusar_adj;Qusar;;;;;;;;;;;;;x
c_radet;Radet;;;;;;;;;;;;;x
c_radet_adj;Radetian;;;;;;;;;;;;;x
c_raheen;Ikerran;;;;;;;;;;;;;x
c_raheen_adj;Ikerran;;;;;;;;;;;;;x
c_rahira;Rahira;;;;;;;;;;;;;x
c_rahira_adj;Rahira;;;;;;;;;;;;;x
c_rama;Rama;;;;;;;;;;;;;x
c_rama_adj;Ramen;;;;;;;;;;;;;x
c_ramling;Ramling;;;;;;;;;;;;;x
c_ramling_adj;Ramling;;;;;;;;;;;;;x
c_rammak;Rammak;;;;;;;;;;;;;x
c_rammak_adj;Rammak;;;;;;;;;;;;;x
c_ranodo;Ran Odo;;;;;;;;;;;;;x
c_ranodo_adj;Ran Odo;;;;;;;;;;;;;x
c_ranyonruhn;Ranyon-Ruhn;;;;;;;;;;;;;x
c_ranyonruhn_adj;Ranyonnic;;;;;;;;;;;;;x
c_ratcharang;Ratcharang;;;;;;;;;;;;;x
c_ratcharang_adj;Ratcharang;;;;;;;;;;;;;x
c_ratchasima;Ratchasima;;;;;;;;;;;;;x
c_ratchasima_adj;Ratchasima;;;;;;;;;;;;;x
c_ratchata;Ratchata;;;;;;;;;;;;;x
c_ratchata_adj;Ratchata;;;;;;;;;;;;;x
c_ravan;Ravan;;;;;;;;;;;;;x
c_ravan_adj;Ravannic;;;;;;;;;;;;;x
c_ravenscar;Ravenscar;;;;;;;;;;;;;x
c_ravenscar_adj;Ravenser;;;;;;;;;;;;;x
c_ravenspring;Ravenspring;;;;;;;;;;;;;x
c_ravenspring_adj;Ravenspring;;;;;;;;;;;;;x
c_rayles;Rayles;;;;;;;;;;;;;x
c_rayles_adj;Raylish;;;;;;;;;;;;;x
c_reachcliff;Reachcliff;;;;;;;;;;;;;x
c_reachcliff_adj;Reachcliff;;;;;;;;;;;;;x
c_redman;Redman;;;;;;;;;;;;;x
c_redman_adj;Redman;;;;;;;;;;;;;x
c_redmountain;Red Mountain;;;;;;;;;;;;;x
c_redmountain_adj;Red Mountain;;;;;;;;;;;;;x
c_redruby;Redruby;;;;;;;;;;;;;x
c_redruby_adj;Redrubian;;;;;;;;;;;;;x
c_redwater;Redwater;;;;;;;;;;;;;x
c_redwater_adj;Redwater;;;;;;;;;;;;;x
c_rex;Rex;;;;;;;;;;;;;x
c_rex_adj;Rexic;;;;;;;;;;;;;x
c_rhanano;Rhanano;;;;;;;;;;;;;x
c_rhanano_adj;Rhananian;;;;;;;;;;;;;x
c_rhasafan;Rhasafan;;;;;;;;;;;;;x
c_rhasafan_adj;Rhasafanian;;;;;;;;;;;;;x
c_riften;Riften;;;;;;;;;;;;;x
c_riften_adj;Rifter;;;;;;;;;;;;;x
c_rihad;Rihad;;;;;;;;;;;;;x
c_rihad_adj;Rihaddic;;;;;;;;;;;;;x
c_rimmen;Rimmen;;;;;;;;;;;;;x
c_rimmen_adj;Rimmen;;;;;;;;;;;;;x
c_rimwatch;Rimwatch;;;;;;;;;;;;;x
c_rimwatch_adj;Rimwatcher;;;;;;;;;;;;;x
c_riverbrige_adj;Riverbridger;;;;;;;;;;;;;x
c_riverfield;Riverfield;;;;;;;;;;;;;x
c_riverfield_adj;Riverfield;;;;;;;;;;;;;x
c_riverhold;Riverhold;;;;;;;;;;;;;x
c_riverhold_adj;Riverhold;;;;;;;;;;;;;x
c_riverkeep;Riverkeep;;;;;;;;;;;;;x
c_riverkeep_adj;Riverkeep;;;;;;;;;;;;;x
c_riverpoint;Riverpoint;;;;;;;;;;;;;x
c_riverpoint_adj;Riverpontian;;;;;;;;;;;;;x
c_riverwalk;Riverwalk;;;;;;;;;;;;;x
c_riverwalk_adj;Riverwalk;;;;;;;;;;;;;x
c_riverwatch;Riverwatch;;;;;;;;;;;;;x
c_riverwatch_adj;Riverwatch;;;;;;;;;;;;;x
c_riverwood;Riverwood;;;;;;;;;;;;;x
c_riverwood_adj;Riverwoodlian;;;;;;;;;;;;;x
c_rkund;Darklight;;;;;;;;;;;;;x
c_rkund_adj;Darklighter;;;;;;;;;;;;;x
c_roa_adj;Roan;;;;;;;;;;;;;x
c_rockgrove;Rockgrove;;;;;;;;;;;;;x
c_rockgrove_adj;Grovian;;;;;;;;;;;;;x
c_rockguard;Rockguard;;;;;;;;;;;;;x
c_rockguard_adj;Rockguardian;;;;;;;;;;;;;x
c_rockpark;Rockpark;;;;;;;;;;;;;x
c_rockpark_adj;Rockpark;;;;;;;;;;;;;x
c_rockpoint;Rockpoint;;;;;;;;;;;;;x
c_rockpoint_adj;Rockpoint;;;;;;;;;;;;;x
c_rockspring;Rockspring;;;;;;;;;;;;;x
c_rockspring_adj;Rockspring;;;;;;;;;;;;;x
c_roebeck;Roebeck;;;;;;;;;;;;;x
c_roebeck_adj;Roebeck;;;;;;;;;;;;;x
c_rorikstead;Rorikstead;;;;;;;;;;;;;x
c_rorikstead_adj;Rorikian;;;;;;;;;;;;;x
c_roscrea;Ynisfall;;;;;;;;;;;;;x
c_roscrea_adj;Ynisfaller;;;;;;;;;;;;;x
c_rosefield;Rosefield;;;;;;;;;;;;;x
c_rosefield_adj;Rosefield;;;;;;;;;;;;;x
c_roseguard;Roseguard;;;;;;;;;;;;;x
c_roseguard_adj;Roseguardian;;;;;;;;;;;;;x
c_roukad;Roukad;;;;;;;;;;;;;x
c_roukad_adj;Roukadian;;;;;;;;;;;;;x
c_rourken;Abah;;;;;;;;;;;;;x
c_rourken_adj;Abahan;;;;;;;;;;;;;x
c_royan_adj;Royan;;;;;;;;;;;;;x
c_saarthal_adj;Saarthal;;;;;;;;;;;;;x
c_sabatra;Sabatra;;;;;;;;;;;;;x
c_sabatra_adj;Sabatran;;;;;;;;;;;;;x
c_sabirabad;Sabirabad;;;;;;;;;;;;;x
c_sabirabad_adj;Sabirabad;;;;;;;;;;;;;x
c_sadas;Sadas;;;;;;;;;;;;;x
c_sadas_adj;Sadan;;;;;;;;;;;;;x
c_sagoon;Sagoon;;;;;;;;;;;;;x
c_sagoon_adj;Sagoon;;;;;;;;;;;;;x
c_sagos;Sagos;;;;;;;;;;;;;x
c_sagos_adj;Sogassian;;;;;;;;;;;;;x
c_saif;Saif;;;;;;;;;;;;;x
c_saif_adj;Saifian;;;;;;;;;;;;;x
c_saimsil;Saimsil;;;;;;;;;;;;;x
c_saimsil_adj;Saiman;;;;;;;;;;;;;x
c_salenvulgate;Salen;;;;;;;;;;;;;x
c_salenvulgate_adj;Salennic;;;;;;;;;;;;;x
c_samagri;Samagri;;;;;;;;;;;;;x
c_samagri_adj;Samagri;;;;;;;;;;;;;x
c_samahya;Samahya;;;;;;;;;;;;;x
c_samahya_adj;Samahya;;;;;;;;;;;;;x
c_samara;Samara;;;;;;;;;;;;;x
c_samara_adj;Samaran;;;;;;;;;;;;;x
c_samon;Samon;;;;;;;;;;;;;x
c_samon_adj;Samon;;;;;;;;;;;;;x
c_samorfez;Samorfez;;;;;;;;;;;;;x
c_samorfez_adj;Samorfez;;;;;;;;;;;;;x
c_sananthaburi;Sananthaburi;;;;;;;;;;;;;x
c_sananthaburi_adj;Sananthaburi;;;;;;;;;;;;;x
c_sancretor;Sancre Tor;;;;;;;;;;;;;x
c_sancretor_adj;Sancretic;;;;;;;;;;;;;x
c_santaki;Santaki;;;;;;;;;;;;;x
c_santaki_adj;Santakian;;;;;;;;;;;;;x
c_saray;Saray;;;;;;;;;;;;;x
c_saray_adj;Saran;;;;;;;;;;;;;x
c_sarcal;Sarcal;;;;;;;;;;;;;x
c_sarcal_adj;Sarcal;;;;;;;;;;;;;x
c_sarvanni;Sarvanni;;;;;;;;;;;;;x
c_sarvanni_adj;Sarvannic;;;;;;;;;;;;;x
c_scinia;Scinia;;;;;;;;;;;;;x
c_scinia_adj;Scinian;;;;;;;;;;;;;x
c_seafalls;Seafalls;;;;;;;;;;;;;x
c_seafalls_adj;Seafallian;;;;;;;;;;;;;x
c_seakeep;Seakeep;;;;;;;;;;;;;x
c_seakeep_adj;Seakeeper;;;;;;;;;;;;;x
c_seamist;Seamist;;;;;;;;;;;;;x
c_seamist_adj;Seamist;;;;;;;;;;;;;x
c_seaspring;Seaspring;;;;;;;;;;;;;x
c_seaspring_adj;Seasprings;;;;;;;;;;;;;x
c_secula;Secula;;;;;;;;;;;;;x
c_secula_adj;Seculan;;;;;;;;;;;;;x
c_sednar;Sednar;;;;;;;;;;;;;x
c_sednar_adj;Sednan;;;;;;;;;;;;;x
c_sedor;Sedor;;;;;;;;;;;;;x
c_sedor_adj;Sedorian;;;;;;;;;;;;;x
c_sehul;Sehul;;;;;;;;;;;;;x
c_sehul_adj;Sehulian;;;;;;;;;;;;;x
c_sejanus;Serjanus;;;;;;;;;;;;;x
c_sejanus_adj;Serjanii;;;;;;;;;;;;;x
c_senchal;Senchal;;;;;;;;;;;;;x
c_senchal_adj;Senchallese;;;;;;;;;;;;;x
c_sentinel;Sentinel;;;;;;;;;;;;;x
c_sentinel_adj;Sentinel;;;;;;;;;;;;;x
c_sercen;Sercen;;;;;;;;;;;;;x
c_sercen_adj;Sercennic;;;;;;;;;;;;;x
c_serothan;Serothan;;;;;;;;;;;;;x
c_serothan_adj;Serothanian;;;;;;;;;;;;;x
c_severa;Severa;;;;;;;;;;;;;x
c_severa_adj;Severan;;;;;;;;;;;;;x
c_shademarsh;Shademarsh;;;;;;;;;;;;;x
c_shademarsh_adj;Shademarshes;;;;;;;;;;;;;x
c_shadowsrest;Shadow's Rest;;;;;;;;;;;;;x
c_shadowsrest_adj;Shadow's Rest;;;;;;;;;;;;;x
c_shadymarch;Antiphyllos;;;;;;;;;;;;;x
c_shadymarch_adj;Antiphyllosid;;;;;;;;;;;;;x
c_shadysands;Shady Sands;;;;;;;;;;;;;x
c_shadysands_adj;Shady Sands;;;;;;;;;;;;;x
c_shalgora;Shalgora;;;;;;;;;;;;;x
c_shalgora_adj;Shalgoran;;;;;;;;;;;;;x
c_shaoue;Shao Ue;;;;;;;;;;;;;x
c_shaoue_adj;Shao Ueic;;;;;;;;;;;;;x
c_shansin;Shansin;;;;;;;;;;;;;x
c_shansin_adj;Shansin;;;;;;;;;;;;;x
c_shardrock;Shardrock;;;;;;;;;;;;;x
c_shardrock_adj;Shardrock;;;;;;;;;;;;;x
c_sharnhelm;Shornhelm;;;;;;;;;;;;;x
c_sharnhelm_adj;Shornhelm;;;;;;;;;;;;;x
c_sharur;Sharur;;;;;;;;;;;;;x
c_sharur_adj;Sharur;;;;;;;;;;;;;x
c_shatterwood;Shatterwood;;;;;;;;;;;;;x
c_shatterwood_adj;Shatterwood;;;;;;;;;;;;;x
c_shayfan;Shayfan;;;;;;;;;;;;;x
c_shayfan_adj;Shayfian;;;;;;;;;;;;;x
c_shearpoint;Shearpoint;;;;;;;;;;;;;x
c_shearpoint_adj;Shearpoint;;;;;;;;;;;;;x
c_shearstone;Shearstone;;;;;;;;;;;;;;x
c_sheogorad;Sheogorad;;;;;;;;;;;;;x
c_sheogorad_adj;Sheogorad;;;;;;;;;;;;;x
c_shieldwall;Shieldwall;;;;;;;;;;;;;x
c_shieldwall_adj;Shieldwall;;;;;;;;;;;;;x
c_shimmerene;Shimmerene;;;;;;;;;;;;;x
c_shimmerene_adj;Shimmer;;;;;;;;;;;;;x
c_shorstone;Shorstone;;;;;;;;;;;;;x
c_shorstone_adj;Shorstonnic;;;;;;;;;;;;;x
c_shuobi;Shuobi;;;;;;;;;;;;;x
c_shuobi_adj;Shuobian;;;;;;;;;;;;;x
c_shuyurru;Shuyurru;;;;;;;;;;;;;x
c_shuyurru_adj;Shuyurru;;;;;;;;;;;;;x
c_sigpuan;Sigpuan;;;;;;;;;;;;;x
c_sigpuan_adj;Sigpuan;;;;;;;;;;;;;x
c_silgrad;Silgrad;;;;;;;;;;;;;x
c_silgrad_adj;Silgradian;;;;;;;;;;;;;x
c_silnion;Silnion;;;;;;;;;;;;;x
c_silnion_adj;Silnion;;;;;;;;;;;;;x
c_silorn;Silorn;;;;;;;;;;;;;x
c_silorn_adj;Silorner;;;;;;;;;;;;;x
c_silvenar;Silvenar;;;;;;;;;;;;;x
c_silvenar_adj;Silvenar;;;;;;;;;;;;;x
c_silverwood;Silverwood;;;;;;;;;;;;;x
c_silverwood_adj;Silver;;;;;;;;;;;;;x
c_siman;Siman;;;;;;;;;;;;;x
c_siman_adj;Siman;;;;;;;;;;;;;x
c_simia;Simia;;;;;;;;;;;;;x
c_simia_adj;Simian;;;;;;;;;;;;;x
c_sinak;Sinak;;;;;;;;;;;;;x
c_sinak_adj;Sinak;;;;;;;;;;;;;x
c_sisao;Sisao;;;;;;;;;;;;;x
c_sisao_adj;Sisao;;;;;;;;;;;;;x
c_sivabakir;Sivabakir;;;;;;;;;;;;;x
c_sivabakir_adj;Sivabakir;;;;;;;;;;;;;x
c_sivera;Sivera;;;;;;;;;;;;;x
c_sivera_adj;Sivera;;;;;;;;;;;;;x
c_siwesi;Siwesi;;;;;;;;;;;;;x
c_siwesi_adj;Siwesi;;;;;;;;;;;;;x
c_skaal;Skaal;;;;;;;;;;;;;x
c_skaal_adj;Skaal;;;;;;;;;;;;;x
c_skaven;Skaven;;;;;;;;;;;;;x
c_skaven_adj;Skavennic;;;;;;;;;;;;;x
c_skingrad;Skingrad;;;;;;;;;;;;;x
c_skingrad_adj;Skingradian;;;;;;;;;;;;;x
c_skyborn;Skyborn;;;;;;;;;;;;;x
c_skyborn_adj;Skyborn;;;;;;;;;;;;;x
c_skyshroud;Skyshroud;;;;;;;;;;;;;x
c_skyshroud_adj;Skyshroud;;;;;;;;;;;;;x
c_skywatch;Skywatch;;;;;;;;;;;;;x
c_skywatch_adj;Skywatcher;;;;;;;;;;;;;x
c_snapvine;Snapvine;;;;;;;;;;;;;x
c_snapvine_adj;Snapvine;;;;;;;;;;;;;x
c_snowhawk;Snowhawk;;;;;;;;;;;;;x
c_snowhawk_adj;Snowhawk;;;;;;;;;;;;;x
c_sodor;Sodor;;;;;;;;;;;;;x
c_sodor_adj;Sodorian;;;;;;;;;;;;;x
c_soggi;Soggi;;;;;;;;;;;;;x
c_soggi_adj;Soggi;;;;;;;;;;;;;x
c_solitude;Solitude;;;;;;;;;;;;;x
c_solitude_adj;Solitudic;;;;;;;;;;;;;x
c_soluthis;Soluthis;;;;;;;;;;;;;x
c_soluthis_adj;Soluthian;;;;;;;;;;;;;x
c_sonnen;Sonnen;;;;;;;;;;;;;x
c_sonnen_adj;Sonn;;;;;;;;;;;;;x
c_sora;Sora;;;;;;;;;;;;;x
c_sora_adj;Soran;;;;;;;;;;;;;x
c_sothasil;Sotha Sil;;;;;;;;;;;;;x
c_sothasil_adj;Sotha Sil;;;;;;;;;;;;;x
c_soulasul;Soul-Asul;;;;;;;;;;;;;x
c_soulasul_adj;Soul-Asul;;;;;;;;;;;;;x
c_soulrest;Soulrest;;;;;;;;;;;;;x
c_soulrest_adj;Soulrest;;;;;;;;;;;;;x
c_sourange;Sourange;;;;;;;;;;;;;x
c_sourange_adj;Sourangian;;;;;;;;;;;;;x
c_southisle;Valenport;;;;;;;;;;;;;x
c_southisle_adj;Valenport;;;;;;;;;;;;;x
c_southpoint;Southpoint;;;;;;;;;;;;;x
c_southpoint_adj;Southpoint;;;;;;;;;;;;;x
c_southsea;Southsea;;;;;;;;;;;;;x
c_southsea_adj;Southsea;;;;;;;;;;;;;x
c_stirk;Stirk;;;;;;;;;;;;;x
c_stirk_adj;Stirk;;;;;;;;;;;;;x
c_stonedale;Stonedale;;;;;;;;;;;;;x
c_stonedale_adj;Stonedale;;;;;;;;;;;;;x
c_stonefall;Stonefall;;;;;;;;;;;;;x
c_stonefall_adj;Stonefall;;;;;;;;;;;;;x
c_stonemoor;Stonemoor;;;;;;;;;;;;;x
c_stonemoor_adj;Stonemoor;;;;;;;;;;;;;x
c_stonewastes;Stonewastes;;;;;;;;;;;;;x
c_stonewastes_adj;Waster;;;;;;;;;;;;;x
c_stormhold;Stormhold;;;;;;;;;;;;;x
c_stormhold_adj;Stormhold;;;;;;;;;;;;;x
c_strand;Strand;;;;;;;;;;;;;x
c_strand_adj;Strand;;;;;;;;;;;;;x
c_strosmkai;Stros M'kai;;;;;;;;;;;;;x
c_strosmkai_adj;Sestren;;;;;;;;;;;;;x
c_sumyaw;Sumyaw;;;;;;;;;;;;;x
c_sumyaw_adj;Sumyaw;;;;;;;;;;;;;x
c_sun;Sun;;;;;;;;;;;;;x
c_sundercliff;Sundercliff;;;;;;;;;;;;;x
c_sundercliff_adj;Sunderer;;;;;;;;;;;;;x
c_sunderstone;Sunderstone;;;;;;;;;;;;;x
c_sunderstone_adj;Sunderstoner;;;;;;;;;;;;;x
c_sungard;Sungard;;;;;;;;;;;;;x
c_sungard_adj;Sungard;;;;;;;;;;;;;x
c_sunhold;Sunhold;;;;;;;;;;;;;x
c_sunhold_adj;Sunni;;;;;;;;;;;;;x
c_sunkeep;Sunkeep;;;;;;;;;;;;;x
c_sunkeep_adj;Sunkeep;;;;;;;;;;;;;x
c_sun_adj;Sunic;;;;;;;;;;;;;x
c_suolasul;Siuol-Asil Yilir;;;;;;;;;;;;;x
c_suran;Suran;;;;;;;;;;;;;x
c_suran_adj;Surannic;;;;;;;;;;;;;x
c_surakota;Surakota;;;;;;;;;;;;;x
c_surakota_adj;Surakota;;;;;;;;;;;;;x
c_suratra;Suratra;;;;;;;;;;;;;x
c_suratra_adj;Suratra;;;;;;;;;;;;;x
c_surinang;Surinang;;;;;;;;;;;;;x
c_surinang_adj;Surinang;;;;;;;;;;;;;x
c_surkh;Surkh;;;;;;;;;;;;;x
c_surkh_adj;Surkh;;;;;;;;;;;;;x
c_sutch;Sutch;;;;;;;;;;;;;x
c_sutch_adj;Sutch;;;;;;;;;;;;;x
c_syut;Syut;;;;;;;;;;;;;x
c_syut_adj;Syut;;;;;;;;;;;;;x
c_tadesa;Tadesa;;;;;;;;;;;;;x
c_tadesa_adj;Tadesa;;;;;;;;;;;;;x
c_taku;Taku;;;;;;;;;;;;;x
c_taku_adj;Taku;;;;;;;;;;;;;x
c_takuathaburi;Takuathaburi;;;;;;;;;;;;;x
c_takuathaburi_adj;Takuathaburi;;;;;;;;;;;;;x
c_talesafan;Taleskan;;;;;;;;;;;;;x
c_talesafan_adj;Taleskanian;;;;;;;;;;;;;x
c_taneth;Taneth;;;;;;;;;;;;;x
c_taneth_adj;Tanethic;;;;;;;;;;;;;x
c_tanghet;Tanghet;;;;;;;;;;;;;x
c_tanghet_adj;Tanghet;;;;;;;;;;;;;x
c_tangmo;Tang Mo;;;;;;;;;;;;;x
c_tangmo_adj;Tango Mo;;;;;;;;;;;;;x
c_tangon;Tang On;;;;;;;;;;;;;x
c_tangon_adj;Tang On;;;;;;;;;;;;;x
c_tangyala;Tang Yala;;;;;;;;;;;;;x
c_tangyala_adj;Tang Yala;;;;;;;;;;;;;x
c_tardorn_adj;Tardornian;;;;;;;;;;;;;x
c_tarlain;Tarlain;;;;;;;;;;;;;x
c_tarlain_adj;Tarlain;;;;;;;;;;;;;x
c_tarshehir;Tarshehir;;;;;;;;;;;;;x
c_tarshehir_adj;Tarshehir;;;;;;;;;;;;;x
c_tasikku;Tasikku;;;;;;;;;;;;;x
c_tasikku_adj;Tasikku;;;;;;;;;;;;;x
c_tasikwa;Tasikwa;;;;;;;;;;;;;x
c_tasikwa_adj;Tasikwa;;;;;;;;;;;;;x
c_tear;Tear;;;;;;;;;;;;;x
c_tear_adj;Tear;;;;;;;;;;;;;x
c_tekirzan;Tekirzan;;;;;;;;;;;;;x
c_tekirzan_adj;Tekirzan;;;;;;;;;;;;;x
c_telansi;Tel Ansi;;;;;;;;;;;;;x
c_telansi_adj;Telasian;;;;;;;;;;;;;x
c_teleman;Teleman;;;;;;;;;;;;;x
c_teleman_adj;Teleman;;;;;;;;;;;;;x
c_telvannis;Telvannis;;;;;;;;;;;;;x
c_temamir;Temamir;;;;;;;;;;;;;x
c_temamir_adj;Temamir;;;;;;;;;;;;;x
c_tenmar;Tenmar;;;;;;;;;;;;;x
c_tenmarwall;Tenmar Wall;;;;;;;;;;;;;x
c_tenmarwall_adj;Tenmaric;;;;;;;;;;;;;x
c_tenmar_adj;Tenmarian;;;;;;;;;;;;;x
c_teth;Teth;;;;;;;;;;;;;x
c_teth_adj;Tethian;;;;;;;;;;;;;x
c_thanmo;Than Mo;;;;;;;;;;;;;x
c_thanmo_adj;Than Mo;;;;;;;;;;;;;x
c_thanyacharan;Thanyacharan;;;;;;;;;;;;;x
c_thanyacharan_adj;Thanyacharan;;;;;;;;;;;;;x
c_tharong;Tharong;;;;;;;;;;;;;x
c_tharong_adj;Tharong;;;;;;;;;;;;;x
c_thayala;Thayala;;;;;;;;;;;;;x
c_thayala_adj;Thayala;;;;;;;;;;;;;x
c_thebadlands;The Badlands;;;;;;;;;;;;;x
c_thebadlands_adj;The Badlands;;;;;;;;;;;;;x
c_thechain_adj;Chainer;;;;;;;;;;;;;x
c_thenim;Thenim;;;;;;;;;;;;;x
c_thenim_adj;Thenimic;;;;;;;;;;;;;x
c_thir;Thir;;;;;;;;;;;;;x
c_thir_adj;Thirric;;;;;;;;;;;;;x
c_thorheim;Thorheim;;;;;;;;;;;;;x
c_thorheim_adj;Thorheimian;;;;;;;;;;;;;x
c_thorkan;Thorkan;;;;;;;;;;;;;x
c_thorkan_adj;Thorkan;;;;;;;;;;;;;x
c_thormar;Thormar;;;;;;;;;;;;;x
c_thormar_adj;Thormar;;;;;;;;;;;;;x
c_thorn;Thorn;;;;;;;;;;;;;x
c_thornwall;Thornwall;;;;;;;;;;;;;x
c_thornwall_adj;Thornwall;;;;;;;;;;;;;x
c_thorn_adj;Thornic;;;;;;;;;;;;;x
c_thorstad;Thorstad;;;;;;;;;;;;;x
c_thorstad_adj;Thorstad;;;;;;;;;;;;;x
c_tilang;Tilang;;;;;;;;;;;;;x
c_tilang_adj;Tilang;;;;;;;;;;;;;x
c_tilui;Tilui;;;;;;;;;;;;;x
c_tilui_adj;Tilui;;;;;;;;;;;;;x
c_tigon;Tagon;;;;;;;;;;;;;x
c_tigon_adj;Tagonian;;;;;;;;;;;;;x
c_tigonus;Tigonus;;;;;;;;;;;;;x
c_tigonus_adj;Tigonnic;;;;;;;;;;;;;x
c_tiguna;Tiguna;;;;;;;;;;;;;x
c_tiguna_adj;Tigunese;;;;;;;;;;;;;x
c_timberwatch;Timberwatch;;;;;;;;;;;;;x
c_timberwatch_adj;Timberwatch;;;;;;;;;;;;;x
c_tisat;Tisat;;;;;;;;;;;;;x
c_tisat_adj;Tisat;;;;;;;;;;;;;x
c_toadstool;Toadstool;;;;;;;;;;;;;x
c_toadstool_adj;Toadstoolian;;;;;;;;;;;;;;
c_topal;Topal;;;;;;;;;;;;;x
c_topalbay_adj;Topalese;;;;;;;;;;;;;x
c_topal_adj;Topan;;;;;;;;;;;;;x
c_torval;Torval;;;;;;;;;;;;;x
c_torval_adj;Torvallian;;;;;;;;;;;;;x
c_totambu;Totambu;;;;;;;;;;;;;x
c_totambu_adj;Totamian;;;;;;;;;;;;;x
c_totoshi_adj;Totoshi;;;;;;;;;;;;;x
c_towesi;Towesi;;;;;;;;;;;;;x
c_towesi_adj;Towesi;;;;;;;;;;;;;x
c_trumbe;Trumbe;;;;;;;;;;;;;x
c_trumbe_adj;Trumbian;;;;;;;;;;;;;x
c_tul;Yul;;;;;;;;;;;;;x
c_tulla;Cronan;;;;;;;;;;;;;x
c_tulla_adj;Cronan;;;;;;;;;;;;;x
c_tulune;Tulune;;;;;;;;;;;;;x
c_tulune_adj;Tulune;;;;;;;;;;;;;x
c_tul_adj;Tulian;;;;;;;;;;;;;x
c_ubuntu;Ubuntu;;;;;;;;;;;;;x
c_ubuntu_adj;Ubtunan;;;;;;;;;;;;;x
c_udonbueng;Udon Bueng;;;;;;;;;;;;;x
c_udonbueng_adj;Udon Bueng;;;;;;;;;;;;;x
c_udonthani;Udon Thani;;;;;;;;;;;;;x
c_udonthani_adj;Udon Thani;;;;;;;;;;;;;x
c_underpall;Underpall;;;;;;;;;;;;;x
c_underpall_adj;Underpaller;;;;;;;;;;;;;x
c_uradas;Uradas;;;;;;;;;;;;;x
c_uradas_adj;Uradasian;;;;;;;;;;;;;x
c_urasek;Urasek;;;;;;;;;;;;;x
c_urasek_adj;Urasekian;;;;;;;;;;;;;x
c_urvaius;Urvaius;;;;;;;;;;;;;x
c_urvaius_adj;Urvaian;;;;;;;;;;;;;x
c_usabul;Usabul;;;;;;;;;;;;;x
c_usabul_adj;Usabul;;;;;;;;;;;;;x
c_ustungrav;Ustungrav;;;;;;;;;;;;;x
c_ustungrav_adj;Ustungraven;;;;;;;;;;;;;x
c_uveran;Uveran;;;;;;;;;;;;;x
c_uveran_adj;Uveranian;;;;;;;;;;;;;x
c_vahtacen;Vahtacen;;;;;;;;;;;;;x
c_vahtacen_adj;Vahtacian;;;;;;;;;;;;;x
c_valental;Valental;;;;;;;;;;;;;x
c_valental_adj;Valental;;;;;;;;;;;;;x
c_vulkwasten;Vulkwasten;;;;;;;;;;;;;x
c_vulkwasten_adj;Vulkwasten;;;;;;;;;;;;;x
c_vallas;Vallas;;;;;;;;;;;;;x
c_vallas_adj;Vallasian;;;;;;;;;;;;;x
c_valleygard;Valleygard;;;;;;;;;;;;;x
c_valleygard_adj;Valleygard;;;;;;;;;;;;;x
c_valtheim;Valtheim;;;;;;;;;;;;;x
c_valtheim_adj;Valtheimer;;;;;;;;;;;;;x
c_valus;Valus;;;;;;;;;;;;;x
c_valus_adj;Valian;;;;;;;;;;;;;x
c_vangra;Vangra;;;;;;;;;;;;;x
c_vangra_adj;Vangrian;;;;;;;;;;;;;x
c_vanseri;Vanseri;;;;;;;;;;;;;x
c_vanseri_adj;Vanseri;;;;;;;;;;;;;x
c_vanya;Vanya;;;;;;;;;;;;;x
c_vanya_adj;Vanya;;;;;;;;;;;;;x
c_varanis;Varanis;;;;;;;;;;;;;x
c_varanis_adj;Varanian;;;;;;;;;;;;;x
c_variela;Variela;;;;;;;;;;;;;x
c_variela_adj;Varielan;;;;;;;;;;;;;x
c_varondo;Varondo;;;;;;;;;;;;;x
c_varondo_adj;Varandian;;;;;;;;;;;;;x
c_varro;Varro;;;;;;;;;;;;;x
c_varro_adj;Varran;;;;;;;;;;;;;x
c_varus;Varus;;;;;;;;;;;;;x
c_varus_adj;Varussian;;;;;;;;;;;;;x
c_vashab;Vashab;;;;;;;;;;;;;x
c_vashab_adj;Vashab;;;;;;;;;;;;;x
c_vaspung;Vaspung;;;;;;;;;;;;;x
c_vaspung_adj;Vaspung;;;;;;;;;;;;;x
c_vaswa;Vaswa;;;;;;;;;;;;;x
c_vaswa_adj;Vaswa;;;;;;;;;;;;;x
c_vataek;Vataek;;;;;;;;;;;;;x
c_vataek_adj;Vataek;;;;;;;;;;;;;x
c_vatak;Vatak;;;;;;;;;;;;;x
c_vatak_adj;Vatak;;;;;;;;;;;;;x
c_vath;Yath;;;;;;;;;;;;;x
c_vath_adj;Yathian;;;;;;;;;;;;;x
c_veldspar;Veldspar;;;;;;;;;;;;;x
c_veldspar_adj;Veldsparer;;;;;;;;;;;;;x
c_velothis;Velothis;;;;;;;;;;;;;x
c_velothis_adj;Velothisian;;;;;;;;;;;;;x
c_vengevine;Vengevine;;;;;;;;;;;;;x
c_vengevine_adj;Vengevine;;;;;;;;;;;;;x
c_verkarth;Verkarth;;;;;;;;;;;;;x
c_verkarthh;Verkarth Hills;;;;;;;;;;;;;x
c_verkarthh_adj;Verkarthish;;;;;;;;;;;;;x
c_verkarth_adj;Verkarthian;;;;;;;;;;;;;x
c_vesilon;Vesilon;;;;;;;;;;;;;x
c_vesilon_adj;Vesilon;;;;;;;;;;;;;x
c_veyond;Veyond;;;;;;;;;;;;;x
c_veyond_adj;Veyondian;;;;;;;;;;;;;x
c_vilverin;Vilverin;;;;;;;;;;;;;x
c_vilverin_adj;Vilverin;;;;;;;;;;;;;x
c_vindasel;Vindasel;;;;;;;;;;;;;x
c_vindasel_adj;Vindaselian;;;;;;;;;;;;;x
c_vinewall;Vinewall;;;;;;;;;;;;;x
c_vinewall_adj;Vinewall;;;;;;;;;;;;;x
c_viplam;Viplam;;;;;;;;;;;;;x
c_viplam_adj;Viplam;;;;;;;;;;;;;x
c_virtue;Virtue;;;;;;;;;;;;;x
c_virtue_adj;Virtue;;;;;;;;;;;;;x
c_vlastarus;Vlastarus;;;;;;;;;;;;;x
c_vlastarus_adj;Vlastarian;;;;;;;;;;;;;x
c_volatra;Volatra;;;;;;;;;;;;;x
c_volatra_adj;Volatra;;;;;;;;;;;;;x
c_voljung;Voljung;;;;;;;;;;;;;x
c_voljung_adj;Voljung;;;;;;;;;;;;;x
c_volkihar;Volkihar;;;;;;;;;;;;;x
c_volkihar_adj;Volkihar;;;;;;;;;;;;;x
c_volskygge;Volskygge;;;;;;;;;;;;;x
c_volskygge_adj;Volskyggen;;;;;;;;;;;;;x
c_volunruud;Volunruud;;;;;;;;;;;;;x
c_volunruud_adj;Volunruudic;;;;;;;;;;;;;x
c_vos;Vos;;;;;;;;;;;;;x
c_vos_adj;Vossian;;;;;;;;;;;;;x
c_vulkhel_adj;Vulkan;;;;;;;;;;;;;x
c_vulkneu;Vulkneu;;;;;;;;;;;;;x
c_vulkneu_adj;Vulkneuen;;;;;;;;;;;;;x
c_vulnim;Vulnim;;;;;;;;;;;;;x
c_vulnim_adj;Vulnimmic;;;;;;;;;;;;;;x
c_wadathe;Wadathe;;;;;;;;;;;;;x
c_wadathe_adj;Wadathian;;;;;;;;;;;;;x
c_wangong;Wan Gong;;;;;;;;;;;;;x
c_wangong_adj;Wan Gong;;;;;;;;;;;;;x
c_wariel;Wariel;;;;;;;;;;;;;x
c_wariel_adj;Warillian;;;;;;;;;;;;;x
c_wastenbrukbrook;Wastenbruk Brook;;;;;;;;;;;;;x
c_wastenbrukbrook_adj;Wastenbruk Brook;;;;;;;;;;;;;x
c_wastencoridale;Wasten Coridale;;;;;;;;;;;;;x
c_wastencoridale_adj;Wasten;;;;;;;;;;;;;x
c_wayrest;Wayrest;;;;;;;;;;;;;x
c_wayrest_adj;Wayrest;;;;;;;;;;;;;x
c_weatherleah;Weatherleah;;;;;;;;;;;;;x
c_weatherleah_adj;Weatherlean;;;;;;;;;;;;;x
c_weatherseed;Weatherseed;;;;;;;;;;;;;x
c_weatherseed_adj;Weatherseed;;;;;;;;;;;;;x
c_wega;Wega;;;;;;;;;;;;;x
c_wega_adj;Wegan;;;;;;;;;;;;;x
c_wendelbek;Wendelbek;;;;;;;;;;;;;x
c_wendelbek_adj;Wendelbekian;;;;;;;;;;;;;x
c_wendir;Wendir;;;;;;;;;;;;;x
c_wenyandawik;Wenyandawik;;;;;;;;;;;;;x
c_wenyandawik_adj;Weyandian;;;;;;;;;;;;;x
c_westgash;West Gash;;;;;;;;;;;;;x
c_westgash_adj;Western;;;;;;;;;;;;;x
c_westguard_adj;Westguardian;;;;;;;;;;;;;x
c_westjeral;West Jeral;;;;;;;;;;;;;x
c_westjeral_adj;West Jeral;;;;;;;;;;;;;x
c_weye;Weye;;;;;;;;;;;;;x
c_weye_adj;Weyen;;;;;;;;;;;;;x
c_whiteguard;Whiteguard;;;;;;;;;;;;;x
c_whiteguard_adj;Whiteguard;;;;;;;;;;;;;x
c_whitehaven;Whitehaven;;;;;;;;;;;;;x
c_whitehaven_adj;Whitehaven;;;;;;;;;;;;;x
c_whiterun;Whiterun;;;;;;;;;;;;;x
c_whiterun_adj;Whiterunner;;;;;;;;;;;;;x
c_whitewatch_adj;Whitewatcher;;;;;;;;;;;;;x
c_wiali;Wiali;;;;;;;;;;;;;x
c_wiali_adj;Wialian;;;;;;;;;;;;;x
c_wildheart;Archen Cormount;;;;;;;;;;;;;x
c_wildheart_adj;Cormounten;;;;;;;;;;;;;x
c_willowind;Willowind;;;;;;;;;;;;;x
c_willowind_adj;Willowind;;;;;;;;;;;;;x
c_winterwind;Gallowrock;;;;;;;;;;;;;x
c_winterwind_adj;Gallowrock;;;;;;;;;;;;;x
c_windhelm;Windhelm;;;;;;;;;;;;;x
c_windhelm_adj;Windhelmer;;;;;;;;;;;;;x
c_winterhold;Winterhold;;;;;;;;;;;;;x
c_winterhold_adj;Winterhold;;;;;;;;;;;;;x
c_wirewood;Wirewood;;;;;;;;;;;;;x
c_wirewood_adj;Wirewood;;;;;;;;;;;;;x
c_haynote;Haynote;;;;;;;;;;;;;x
c_haynote_adj;Haynotian;;;;;;;;;;;;;x
c_woodenhand;Woodenhand;;;;;;;;;;;;;x
c_woodenhand_adj;Woodenhand;;;;;;;;;;;;;x
c_woodhearth;Woodhearth;;;;;;;;;;;;;x
c_woodhearth_adj;Woodhearth;;;;;;;;;;;;;x
c_woodroot;Woodroot;;;;;;;;;;;;;x
c_woodroot_adj;Woodrooter;;;;;;;;;;;;;x
c_wrothgarian;Wrothgarian;;;;;;;;;;;;;x
c_wrothgarian_adj;Wrothgarian;;;;;;;;;;;;;x
c_xoumiannodo;Xou-Mian-Nodo;;;;;;;;;;;;;x
c_xoumiannodo_adj;Xou-Mian-Nodoic;;;;;;;;;;;;;x
c_xouwiap;Xouwiap;;;;;;;;;;;;;x
c_xouwiap_adj;Xouwiapic;;;;;;;;;;;;;x
c_xuopia;Xuo Pia;;;;;;;;;;;;;x
c_xuopia_adj;Xuo Piaic;;;;;;;;;;;;;x
c_yellowtick;Yellowtick;;;;;;;;;;;;;x
c_yellowtick_adj;Yellowtick;;;;;;;;;;;;;x
c_ykalon;Ykalon;;;;;;;;;;;;;x
c_ykalon_adj;Ykalonian;;;;;;;;;;;;;x
c_ynrah;Ynrah;;;;;;;;;;;;;x
c_ynrah_adj;Ynrahan;;;;;;;;;;;;;x
c_yntao;Yntao;;;;;;;;;;;;;x
c_yntao_adj;Yntaoi;;;;;;;;;;;;;x
c_zafirbel;Zafirbel Bay;;;;;;;;;;;;;x
c_zafirbel_adj;Zafirbel;;;;;;;;;;;;;x
c_zahedann;Zahedann;;;;;;;;;;;;;x
c_zahedann_adj;Zahed;;;;;;;;;;;;;x
c_zedaya;Zedaya;;;;;;;;;;;;;x
c_zedaya_adj;Zedaya;;;;;;;;;;;;;x
c_zekota;Zekota;;;;;;;;;;;;;x
c_zekota_adj;Zekota;;;;;;;;;;;;;x