d_antiphyllos;Antiphyllos;;;;;;;;;;;;;x
d_gradkeep;Reich Gradkeep;;;;;;;;;;;;;x
d_abbarbas;Abbarbas;;;;;;;;;;;;;x
d_abbarbas_adj;Abbarban;;;;;;;;;;;;;x
d_knights_of_the_hour;Order of the Hour;;;;;;;;;;;;;x
d_knights_of_the_hour_adj;Hour;;;;;;;;;;;;;x
d_adhisar;Adhisar;;;;;;;;;;;;;x
d_adhisar_adj;Adhisar;;;;;;;;;;;;;x
d_agaceph;Agaceph;;;;;;;;;;;;;x
d_agaceph_adj;Agacephian;;;;;;;;;;;;;x
d_sabatra;Sabatra;;;;;;;;;;;;;x
d_sabatra_adj;Sabatrian;;;;;;;;;;;;;x
d_amol;Amol;;;;;;;;;;;;;x
d_amol_adj;Amol;;;;;;;;;;;;;x
d_alcoa;Alcoa;;;;;;;;;;;;;x
d_alcoa_adj;Alcoan;;;;;;;;;;;;;x
d_vath;Yath;;;;;;;;;;;;;x
d_vath_adj;Yathian;;;;;;;;;;;;;x
d_systres;The Systres;;;;;;;;;;;;;x
d_systres_adj;Systren;;;;;;;;;;;;;x
d_riddle;Mane;;;;;;;;;;;;;x
d_riddle_adj;Mane;;;;;;;;;;;;;x
d_alessianorder;Alessian Order;;;;;;;;;;;;;x
d_alessianorder_adj;Alessian;;;;;;;;;;;;;x
d_meirvale;Meirvale;;;;;;;;;;;;;x
d_meirvale_adj;Meirvale;;;;;;;;;;;;;x
d_olenveld;Olenveld;;;;;;;;;;;;;x
d_olenveld_adj;Olenveld;;;;;;;;;;;;;x
d_khenarthi;Khenarthia;;;;;;;;;;;;;x
d_khenarthi_adj;Khenarthia;;;;;;;;;;;;;x
d_helkarn;Helkarn;;;;;;;;;;;;;x
d_helkarn_adj;Helkarn;;;;;;;;;;;;;x
d_cloudruler;Cloudruler;;;;;;;;;;;;;x
d_cloudruler_adj;Cloudruler;;;;;;;;;;;;;x
d_gorne;Gorne;;;;;;;;;;;;;x
d_yibao;Yibao;;;;;;;;;;;;;x
d_yibao_adj;Yibian;;;;;;;;;;;;;x
d_gorne_adj;Gornic;;;;;;;;;;;;;x
d_bleakrock;Bleak Rock;;;;;;;;;;;;;x
d_bleakrock_adj;Bleakrock;;;;;;;;;;;;;x
d_remanwarriorcult;Reman Warrior Cult;;;;;;;;;;;;;x
d_remanwarriorcult_adj;Remanian;;;;;;;;;;;;;x
d_mothist;Temple of the Ancestor Moth;;;;;;;;;;;;;x
d_mothist_adj;Mothist;;;;;;;;;;;;;x
d_arcturianheresy;Arcturian Order;;;;;;;;;;;;;x
d_arcturianheresy_ad;Arcturian;;;;;;;;;;;;;x
d_nerevarine;Temple of the Nerevarine;;;;;;;;;;;;;x
d_nerevarine_adj;Nerevarine;;;;;;;;;;;;;x
d_sixthhouse;Sixth House;;;;;;;;;;;;;x
d_sixthhouse_adj;Sixth Houser;;;;;;;;;;;;;x
d_maloocian;Maloocian Order;;;;;;;;;;;;;x
d_maloocian_adj;Maloocian;;;;;;;;;;;;;x
d_nudrihi;Nudri-Hi;;;;;;;;;;;;;x
d_nudrihi_adj;Nudri-Hi;;;;;;;;;;;;;x
d_blacksap;Blacksap Movement;;;;;;;;;;;;;x
d_blacksap;Blacksap;;;;;;;;;;;;;x
d_aikaya;Aikaya;;;;;;;;;;;;;x
d_aikaya_adj;Aikaya;;;;;;;;;;;;;x
d_ajalil;Ajalil;;;;;;;;;;;;;x
d_ajalil_adj;Ajalil;;;;;;;;;;;;;x
d_akisak;Akisak;;;;;;;;;;;;;x
d_akisak_adj;Akisak;;;;;;;;;;;;;x
d_vulkhel;Vulkhel;;;;;;;;;;;;;x
d_vulkhel_adj;Vulkhelian;;;;;;;;;;;;;x
d_akos;Akos;;;;;;;;;;;;;x
d_akos_adj;Akossian;;;;;;;;;;;;;x
d_pale_watch;Pale Watch;;;;;;;;;;;;;x
d_pale_watch_adj;Pale Watch;;;;;;;;;;;;;x
d_akuna;Kituna Vos;;;;;;;;;;;;;x
d_akuna_adj;Kitunian;;;;;;;;;;;;;x
d_alabaster;Alabaster;;;;;;;;;;;;;x
d_alabaster_adj;Alabaster;;;;;;;;;;;;;x
d_alcaire;Alcaire;;;;;;;;;;;;;x
d_alcaire_adj;Alcaire;;;;;;;;;;;;;x
d_aldaim;Aldaim;;;;;;;;;;;;;x
d_aldaim_adj;Aldaim;;;;;;;;;;;;;x
d_aldsotha;Aldsotha;;;;;;;;;;;;;x
d_aldsotha_adj;Aldsothian;;;;;;;;;;;;;x
d_alikr;Alik'r;;;;;;;;;;;;;x
d_alinor;Alinor;;;;;;;;;;;;;x
d_alinor_adj;Alinorian;;;;;;;;;;;;;x
d_almalexia;Mournhold;;;;;;;;;;;;;x
d_almalexia_adj;Mournholdian;;;;;;;;;;;;;x
d_amalam;Amalam;;;;;;;;;;;;;x
d_amalam_adj;Amalam;;;;;;;;;;;;;x
d_andrethis;Andrethis;;;;;;;;;;;;;x
d_andrethis_adj;Andrethian;;;;;;;;;;;;;x
d_anghet;Ang Het;;;;;;;;;;;;;x
d_anghet_adj;Ang Het;;;;;;;;;;;;;x
d_ansilvund;Ansilvund;;;;;;;;;;;;;x
d_ansilvund_adj;Ansilvunder;;;;;;;;;;;;;x
d_anticlere;Anticlere;;;;;;;;;;;;;x
d_anticlere_adj;Anticleric;;;;;;;;;;;;;x
d_anvil;Anvil;;;;;;;;;;;;;x
d_anvil_adj;Anvillian;;;;;;;;;;;;;x
d_anvil_republic;Brethren of the Gold Coast;;;;;;;;;;;;;x
d_anvil_republic_adj;Gold Coast;;;;;;;;;;;;;x
d_arcantys;Arcantys;;;;;;;;;;;;;x
d_arcantys_adj;Arcantian;;;;;;;;;;;;;x
d_archein;Archein;;;;;;;;;;;;;x
d_archein_adj;Archeinian;;;;;;;;;;;;;x
d_archon;Archon;;;;;;;;;;;;;x
d_archon_adj;Archonic;;;;;;;;;;;;;x
d_arenthia;Arenthia;;;;;;;;;;;;;x
d_arenthia_adj;Arenthian;;;;;;;;;;;;;x
d_armumak;Armumak;;;;;;;;;;;;;x
d_armumak_adj;Armumak;;;;;;;;;;;;;x
d_arrius;Arrius;;;;;;;;;;;;;x
d_arrius_adj;Arrian;;;;;;;;;;;;;x
d_ash;Ash;;;;;;;;;;;;;x
d_ashlands;Ashlands;;;;;;;;;;;;;x
d_ashlands_adj;Ashen;;;;;;;;;;;;;x
d_ash_adj;Ashen;;;;;;;;;;;;;x
d_asohi;Asohi;;;;;;;;;;;;;x
d_asohi_adj;Asohi;;;;;;;;;;;;;x
d_atabarda;Atabarda;;;;;;;;;;;;;x
d_atabarda_adj;Atabarda;;;;;;;;;;;;;x
d_atepur;Atepur;;;;;;;;;;;;;x
d_atepur_adj;Atepur;;;;;;;;;;;;;x
d_auriel;Auri-El;;;;;;;;;;;;;x
d_auriel_adj;Auri-El;;;;;;;;;;;;;x
d_aurus;Aurus;;;;;;;;;;;;;x
d_aurus_adj;Aurusian;;;;;;;;;;;;;x
d_azurafleet;Azura's fleet;;;;;;;;;;;;;x
d_azurafleet_adj;Azuran;;;;;;;;;;;;;x
d_azurascoast;Azura's Coast;;;;;;;;;;;;;x
d_azurascoast_adj;Azuran;;;;;;;;;;;;;x
d_balfiera;Balfiera;;;;;;;;;;;;;x
d_balfiera_adj;Balfieran;;;;;;;;;;;;;x
d_bannermist;Bannermist;;;;;;;;;;;;;x
d_bannermist_adj;Bannermist;;;;;;;;;;;;;x
d_banta;Banta;;;;;;;;;;;;;x
d_banta_adj;Bantan;;;;;;;;;;;;;x
d_baobao;Bao Bao;;;;;;;;;;;;;x
d_baobao_adj;Boan;;;;;;;;;;;;;x
d_baoung;Bao Ung;;;;;;;;;;;;;x
d_baoung_adj;Bao Unger;;;;;;;;;;;;;x
d_bash;Bash;;;;;;;;;;;;;x
d_bash_adj;Bash;;;;;;;;;;;;;x
d_batozan;Batozan;;;;;;;;;;;;;x
d_batozan_adj;Batozan;;;;;;;;;;;;;x
d_battalya;Battalya;;;;;;;;;;;;;x
d_battalya_adj;Battalya;;;;;;;;;;;;;x
d_behar;Behar;;;;;;;;;;;;;x
d_behar_adj;Behar;;;;;;;;;;;;;x
d_belemis;Belemis;;;;;;;;;;;;;x
d_belemis_adj;Belemis;;;;;;;;;;;;;x
d_belport;Belport;;;;;;;;;;;;;x
d_belport_adj;Belport;;;;;;;;;;;;;x
d_betony;Betony;;;;;;;;;;;;;x
d_betony_adj;Bettonian;;;;;;;;;;;;;x
d_bhoriane;Bhoriane;;;;;;;;;;;;;x
d_bhoriane_adj;Bhoriannian;;;;;;;;;;;;;x
d_binaiki;Binaiki;;;;;;;;;;;;;x
d_binaiki_adj;Binaiki;;;;;;;;;;;;;x
d_bittercoastfleet_adj;Bitter Coast;;;;;;;;;;;;;x
d_bjoulsae;Bjoulsae;;;;;;;;;;;;;x
d_bjoulsae_adj;Bjoulsaene;;;;;;;;;;;;;x
d_blacklight;Blacklight;;;;;;;;;;;;;x
d_blacklight_adj;Blacklight;;;;;;;;;;;;;x
d_blackrose;Blackrose;;;;;;;;;;;;;x
d_blackrose_adj;Blackrosian;;;;;;;;;;;;;x
d_blackwood;Blackwood;;;;;;;;;;;;;x
d_blackwood_adj;Blackwood;;;;;;;;;;;;;x
d_bleakwind;Bleakwind;;;;;;;;;;;;;x
d_bleakwind_adj;Bleakwind;;;;;;;;;;;;;x
d_bloodhorn;Bloodhorn;;;;;;;;;;;;;x
d_bloodhorn_adj;Bloodhorner;;;;;;;;;;;;;x
d_bosmora;Siltreen;;;;;;;;;;;;;x
d_bosmora_adj;Siltreen;;;;;;;;;;;;;x
d_branchmont;Branchmont;;;;;;;;;;;;;x
d_branchmont_adj;Branchmontian;;;;;;;;;;;;;x
d_bravil;Bravil;;;;;;;;;;;;;x
d_bravil_adj;Bravillian;;;;;;;;;;;;;x
d_brena;Brena;;;;;;;;;;;;;x
d_brena_adj;Brenan;;;;;;;;;;;;;x
d_briarpatch;Briarpatch;;;;;;;;;;;;;x
d_briarpatch_adj;Briarpatchian;;;;;;;;;;;;;x
d_brittleshin;Brittleshin;;;;;;;;;;;;;x
d_brittleshin_adj;Brittleshin;;;;;;;;;;;;;x
d_broadwall;Broadwall;;;;;;;;;;;;;x
d_broadwall_adj;Broadwall;;;;;;;;;;;;;x
d_bruma;Bruma;;;;;;;;;;;;;x
d_bruma_adj;Bruman;;;;;;;;;;;;;x
d_burising;Burising;;;;;;;;;;;;;x
d_burising_adj;Burising;;;;;;;;;;;;;x
d_camlorn;Camlorn;;;;;;;;;;;;;x
d_camlorn_adj;Camlornian;;;;;;;;;;;;;x
d_canulus;Canulus;;;;;;;;;;;;;x
d_canulus_adj;Canulian;;;;;;;;;;;;;x
d_cathnoquey;Cathnoquey;;;;;;;;;;;;;x
d_cathnoquey_adj;Cathnoqueian;;;;;;;;;;;;;x
d_chadahan;Chadahan;;;;;;;;;;;;;x
d_chadahan_adj;Chadahan;;;;;;;;;;;;;x
d_chajalai;Chajalai;;;;;;;;;;;;;x
d_chajalai_adj;Chajalai;;;;;;;;;;;;;x
d_chak_adj;Chak;;;;;;;;;;;;;x
d_changzi;Changzi;;;;;;;;;;;;;x
d_changzi_adj;Changzian;;;;;;;;;;;;;x
d_chashash;Chashash;;;;;;;;;;;;;x
d_chashash_adj;Chashash;;;;;;;;;;;;;x
d_cheydinhal;Cheydinhal;;;;;;;;;;;;;x
d_cheydinhal_adj;Cheydinhaler;;;;;;;;;;;;;x
d_chishict;Chishict;;;;;;;;;;;;;x
d_chishict_adj;Chishict;;;;;;;;;;;;;x
d_chorrol;Chorrol;;;;;;;;;;;;;x
d_chorrol_adj;Chorrolian;;;;;;;;;;;;;x
d_chungzi;Chungzi;;;;;;;;;;;;;x
d_chungzi_adj;Chungzian;;;;;;;;;;;;;x
d_cloudrest;Cloudrest;;;;;;;;;;;;;x
d_cloudrest_adj;Cloudrest;;;;;;;;;;;;;x
d_coldrock;Skyborn;;;;;;;;;;;;;x
d_coldrock_adj;Skyborn;;;;;;;;;;;;;x
d_colovianhighlands;The Colovian Highlands;;;;;;;;;;;;;x
d_colovianhighlands_adj;Colovian;;;;;;;;;;;;;x
d_conang;Conang;;;;;;;;;;;;;x
d_conang_adj;Conang;;;;;;;;;;;;;x
d_copang;Copang;;;;;;;;;;;;;x
d_copang_adj;Copang;;;;;;;;;;;;;x
d_corgrad;Corgrad;;;;;;;;;;;;;x
d_corgrad_adj;Corgradian;;;;;;;;;;;;;x
d_coridale;Coridale;;;;;;;;;;;;;x
d_coridale_adj;Coridalian;;;;;;;;;;;;;x
d_corinth;Corinthe;;;;;;;;;;;;;x
d_corinth_adj;Corinthian;;;;;;;;;;;;;x
d_cotu;Cotu;;;;;;;;;;;;;x
d_cotu_adj;Cotu;;;;;;;;;;;;;x
d_crowhaven;Crowhaven;;;;;;;;;;;;;x
d_crowhaven_adj;Crowhavener;;;;;;;;;;;;;x
d_daenia;Daenia;;;;;;;;;;;;;x
d_daenia_adj;Daenian;;;;;;;;;;;;;x
d_daggerfall;Daggerfall;;;;;;;;;;;;;x
d_daggerfall_adj;Daggerfall;;;;;;;;;;;;;x
d_daggerfall_republic;Bretonic Sellers;;;;;;;;;;;;;x
d_dagoth;House Dagoth;;;;;;;;;;;;;x
d_dagoth_adj;Dagoth;;;;;;;;;;;;;x
d_veloth;House Veloth;;;;;;;;;;;;;x
d_veloth_adj;Veloth;;;;;;;;;;;;;x
d_sul;House Sul;;;;;;;;;;;;;x
d_sul_adj;Sul;;;;;;;;;;;;;x
d_custom_house_1;House CUSTOM_HOUSE_STRING1;;;;;;;;;;;;;x
d_custom_house_2;House CUSTOM_HOUSE_STRING2;;;;;;;;;;;;;x
d_custom_house_3;House CUSTOM_HOUSE_STRING3;;;;;;;;;;;;;x
d_custom_house_1;CUSTOM_HOUSE_STRING1;;;;;;;;;;;;;x
d_custom_house_2;CUSTOM_HOUSE_STRING2;;;;;;;;;;;;;x
d_custom_house_3;CUSTOM_HOUSE_STRING3;;;;;;;;;;;;;x
d_darkbrotherhood;Dark Brotherhood;;;;;;;;;;;;;x
d_darkbrotherhood_adj;Dark Brother;;;;;;;;;;;;;x
d_dawnguard;Dawnguard;;;;;;;;;;;;;x
d_dawnguard_adj;Dawnguard;;;;;;;;;;;;;x
d_dawnstar_republic;Dawnstar Trading Company;;;;;;;;;;;;;x
d_deshaan;Deshaan;;;;;;;;;;;;;x
d_deshaan_adj;Deshaanic;;;;;;;;;;;;;x
d_dirich;Dirich;;;;;;;;;;;;;x
d_dirich_adj;Dirichian;;;;;;;;;;;;;x
d_dirkamal;Jadahar;;;;;;;;;;;;;x
d_dirkamal_adj;Jadaharian;;;;;;;;;;;;;x
d_diss;Diss;;;;;;;;;;;;;x
d_diss_adj;Diss;;;;;;;;;;;;;x
d_dorven;Dorven;;;;;;;;;;;;;x
d_dorven_adj;Dorvennic;;;;;;;;;;;;;x
d_dragonstar;Dragonstar;;;;;;;;;;;;;x
d_dragonstar_adj;Dragonstar;;;;;;;;;;;;;x
d_dres;House Dres;;;;;;;;;;;;;x
d_dres_adj;Dres;;;;;;;;;;;;;x
d_duncori;Duncori;;;;;;;;;;;;;x
d_duncori_adj;Duncorian;;;;;;;;;;;;;x
d_dune;Dune;;;;;;;;;;;;;x
d_dune_adj;Dunian;;;;;;;;;;;;;x
d_dunkarn;Dunkarn;;;;;;;;;;;;;x
d_dunkarn_adj;Dunkarn;;;;;;;;;;;;;x
d_dusk;Dusk;;;;;;;;;;;;;x
d_dusk_adj;Dusk;;;;;;;;;;;;;x
d_dwynnen;Dwynnen;;;;;;;;;;;;;x
d_dwynnen_adj;Dwynneian;;;;;;;;;;;;;x
d_eastempire_company;East Empire Company;;;;;;;;;;;;;x
d_eastempire_company_adj;East Empire;;;;;;;;;;;;;x
d_eastempire_republic;East Empire Company;;;;;;;;;;;;;x
d_eastempire_republic_adj;East Empire;;;;;;;;;;;;;x
d_eastmarch;Eastmarch;;;;;;;;;;;;;x
d_eastmarch_adj;Marcher;;;;;;;;;;;;;x
d_eastwood;Eastwood;;;;;;;;;;;;;x
d_eastwood_adj;Eastwoodian;;;;;;;;;;;;;x
d_ebonglen;Ebonglen;;;;;;;;;;;;;x
d_ebonglen_adj;Ebonglenian;;;;;;;;;;;;;x
d_ebonheart;Ebonheart;;;;;;;;;;;;;x
d_ebonheart_adj;Ebonheart;;;;;;;;;;;;;x
d_eightdivines;Temple of the Eight Divines;;;;;;;;;;;;;x
d_eightdivines_adj;Eight Divines;;;;;;;;;;;;;x
d_ekefune;Ekefune;;;;;;;;;;;;;x
d_ekefune_adj;Ekefune;;;;;;;;;;;;;x
d_eldengrove;Woodhearth;;;;;;;;;;;;;x
d_eldengrove_adj;Woodhearthian;;;;;;;;;;;;;x
d_eldenroot;Eldenroot;;;;;;;;;;;;;x
d_eldenrootcavaliers_adj;Eldern Cavalier;;;;;;;;;;;;;x
d_eldenroot_adj;Elden;;;;;;;;;;;;;x
d_eldercouncil;The Elder Council;;;;;;;;;;;;;x
d_eldercouncil_adj;Elder Council;;;;;;;;;;;;;x
d_eldercourt;Hanatok;;;;;;;;;;;;;x
d_eldercourt_adj;Hanatok;;;;;;;;;;;;;x
d_elinhir;Elinhir;;;;;;;;;;;;;x
d_elinhir_adj;Elinhirian;;;;;;;;;;;;;x
d_emara;Emara;;;;;;;;;;;;;x
d_emara_adj;Emara;;;;;;;;;;;;;x
d_eshita;Eshita;;;;;;;;;;;;;x
d_eshita_adj;Eshita;;;;;;;;;;;;;x
d_esroniet;Esroniet;;;;;;;;;;;;;x
d_esroniet_adj;Esronietian;;;;;;;;;;;;;x
d_evermore;Evermore;;;;;;;;;;;;;x
d_evermore_adj;Evermorian;;;;;;;;;;;;;x
d_facian;Facian;;;;;;;;;;;;;x
d_facian_adj;Facian;;;;;;;;;;;;;x
d_falinesti;Falinesti;;;;;;;;;;;;;x
d_falinesti_adj;Falinestian;;;;;;;;;;;;;x
d_falkreath;Falkreath;;;;;;;;;;;;;x
d_falkreath_adj;Falkreath;;;;;;;;;;;;;x
d_farragut;Farragut;;;;;;;;;;;;;x
d_farragut_adj;Farragut;;;;;;;;;;;;;x
d_farrun;Farrun;;;;;;;;;;;;;x
d_farrun_adj;Farrunian;;;;;;;;;;;;;x
d_firewatch;Firewatch;;;;;;;;;;;;;x
d_firewatch_adj;Firewatcher;;;;;;;;;;;;;x
d_firsthold;Firsthold;;;;;;;;;;;;;x
d_firsthold_adj;Firsthold;;;;;;;;;;;;;x
d_fivecourts;Temple of the Five Courts;;;;;;;;;;;;;x
d_fivecourts;Temple of the Five Courts;;;;;;;;;;;;;x
d_fjallunn;Fjallunn;;;;;;;;;;;;;x
d_fjallunn_adj;Fjallunner;;;;;;;;;;;;;x
d_frostcrag;Redruby;;;;;;;;;;;;;x
d_frostcrag_adj;Redruby;;;;;;;;;;;;;x
d_frostfire;Chalman;;;;;;;;;;;;;x
d_frostfire_adj;Chalman;;;;;;;;;;;;;x
d_fujish;Fujish;;;;;;;;;;;;;x
d_fujish_adj;Fujish;;;;;;;;;;;;;x
d_gauvadon;Gauvadon;;;;;;;;;;;;;x
d_gauvadon_adj;Gauvadonic;;;;;;;;;;;;;x
d_ghost_merchants;Ghost Sea Merchants;;;;;;;;;;;;;x
d_ghost_merchants_adj;Ghost Sea Merchants;;;;;;;;;;;;;x
d_ghozmanbod;Ghozmanbod;;;;;;;;;;;;;x
d_ghozmanbod_adj;Ghozmanbod;;;;;;;;;;;;;x
d_gideon;Gideon;;;;;;;;;;;;;x
d_gideon_adj;Gideon;;;;;;;;;;;;;x
d_gilane;Gilane;;;;;;;;;;;;;x
d_gilane_adj;Gilanean;;;;;;;;;;;;;x
d_gilverdale;Gilverdale;;;;;;;;;;;;;x
d_gilverdale_adj;Gilverdalean;;;;;;;;;;;;;x
d_glademist;Glademist;;;;;;;;;;;;;x
d_glademist_adj;Glademist;;;;;;;;;;;;;x
d_glenpoint;Glenumbra;;;;;;;;;;;;;x
d_phrygias;Phrygias;;;;;;;;;;;;;x
d_glenpoint_adj;Glenpointer;;;;;;;;;;;;;x
d_goa;Goa;;;;;;;;;;;;;x
d_goa_adj;Goa;;;;;;;;;;;;;x
d_goldcoast;The Gold Coast;;;;;;;;;;;;;x
d_goldcoast_adj;Gold Coast;;;;;;;;;;;;;x
d_gorling;Gorling;;;;;;;;;;;;;x
d_gorling_adj;Gorling;;;;;;;;;;;;;x
d_grazelands;Grazelands;;;;;;;;;;;;;x
d_grazelands_adj;Grazelander;;;;;;;;;;;;;x
d_greenheart;Greenheart;;;;;;;;;;;;;x
d_greenheart_adj;Greenheartean;;;;;;;;;;;;;x
d_greenpact;Green Pact;;;;;;;;;;;;;x
d_greenspring;Greenspring;;;;;;;;;;;;;x
d_greymarch;Greymarch;;;;;;;;;;;;;x
d_greymarch_adj;Greymarchish;;;;;;;;;;;;;x
d_greywinter;Greywinter;;;;;;;;;;;;;x
d_greywinter_adj;Greywinter;;;;;;;;;;;;;x
d_guneybram;Guneybram;;;;;;;;;;;;;x
d_guneybram_adj;Guneybram;;;;;;;;;;;;;x
d_haafingar;Haafingar;;;;;;;;;;;;;x
d_haafingar_adj;Haafinger;;;;;;;;;;;;;x
d_hagraven;Hagraven Cultists;;;;;;;;;;;;;x
d_hagraven_adj;Hagraven;;;;;;;;;;;;;x
d_hamar;Hamar;;;;;;;;;;;;;x
d_hamar_adj;Hamar;;;;;;;;;;;;;x
d_haruda;Haruda;;;;;;;;;;;;;x
d_haruda_adj;Haruda;;;;;;;;;;;;;x
d_hashika;Hashika;;;;;;;;;;;;;x
d_hashika_adj;Hashika;;;;;;;;;;;;;x
d_haugrheim;Haugrheim;;;;;;;;;;;;;x
d_haugrheim_adj;Haugrheimer;;;;;;;;;;;;;x
d_haven;Haven;;;;;;;;;;;;;x
d_haven_adj;Havenen;;;;;;;;;;;;;x
d_hawlok;Hawlok;;;;;;;;;;;;;x
d_hawlok_adj;Hawlok;;;;;;;;;;;;;x
d_hearthgrove;Hearthgrove;;;;;;;;;;;;;x
d_hearthgrove_adj;Hearthgrove;;;;;;;;;;;;;x
d_heartlands;Sejanus;;;;;;;;;;;;;x
d_heartlands_adj;Sejan;;;;;;;;;;;;;x
d_hegathe;Hegathe;;;;;;;;;;;;;x
d_hegathe_adj;Hegathean;;;;;;;;;;;;;x
d_hegathe_republic;Ragada Trading Company;;;;;;;;;;;;;x
d_hekemima;Hekemima;;;;;;;;;;;;;x
d_hekemima_adj;Hekemima;;;;;;;;;;;;;x
d_heldorn;Heldorn;;;;;;;;;;;;;x
d_heldorn_adj;Heldorner;;;;;;;;;;;;;x
d_helkune;Helkune;;;;;;;;;;;;;x
d_helkune_adj;Helkunian;;;;;;;;;;;;;x
d_helstrom;Helstrom;;;;;;;;;;;;;x
d_helstrom_adj;Helstromean;;;;;;;;;;;;;x
d_hianwo;Hianwo;;;;;;;;;;;;;x
d_hianwo_adj;Hianwo;;;;;;;;;;;;;x
d_hjaalmarch;Hjaalmarch;;;;;;;;;;;;;x
d_hjaalmarch_adj;Hjaalmarcher;;;;;;;;;;;;;x
d_hlaalu;House Hlaalu;;;;;;;;;;;;;x
d_hlaalu_adj;Hlaalu;;;;;;;;;;;;;x
d_hnas;Khefrem;;;;;;;;;;;;;x
d_hnas_adj;Khefremic;;;;;;;;;;;;;x
d_hobei;Ho Bei;;;;;;;;;;;;;x
d_hobei_adj;Ho Beian;;;;;;;;;;;;;x
d_homshing;Homshing;;;;;;;;;;;;;x
d_homshing_adj;Homshing;;;;;;;;;;;;;x
d_hrothgar;High Hrothgar;;;;;;;;;;;;;x
d_hrothgar_adj;Hrothgaric;;;;;;;;;;;;;x
d_hrothgar_titular;Hrothgar;;;;;;;;;;;;;x
d_hundingfleet;Hunding Fleet;;;;;;;;;;;;;x
d_hundingfleet_adj;Hunding;;;;;;;;;;;;;x
d_ifukur;Ifukur;;;;;;;;;;;;;x
d_ifukur_adj;Ifukur;;;;;;;;;;;;;x
d_iliacbay;The Iliac Bay;;;;;;;;;;;;;x
d_iliacbay_adj;Iliac;;;;;;;;;;;;;x
d_imperialisle;Imperial Isle;;;;;;;;;;;;;x
d_imperialisle_adj;Imperial;;;;;;;;;;;;;x
d_inawihe;Inawihe;;;;;;;;;;;;;x
d_inawihe_adj;Inawihe;;;;;;;;;;;;;x
d_indoril;House Indoril;;;;;;;;;;;;;x
d_indoril_adj;Indoril;;;;;;;;;;;;;x
d_indratra;Indratra;;;;;;;;;;;;;x
d_indratra_adj;Indratran;;;;;;;;;;;;;x
d_intratra_adj;Indratra;;;;;;;;;;;;;x
d_deepwood;Deepwood;;;;;;;;;;;;;x
d_ingmarok;Ingmarokr;;;;;;;;;;;;;x
d_ingmarok_adj;Ingmarokr;;;;;;;;;;;;;x
d_ironbind;Ironbind;;;;;;;;;;;;;x
d_ironbind_adj;Ironbinder;;;;;;;;;;;;;x
d_irote;Irote;;;;;;;;;;;;;x
d_irote_adj;Irote;;;;;;;;;;;;;x
d_isalur;Isalur;;;;;;;;;;;;;x
d_isalur_adj;Isalur;;;;;;;;;;;;;x
d_isursti;Isursti;;;;;;;;;;;;;x
d_isursti_adj;Isursti;;;;;;;;;;;;;x
d_izkaaz;Izkaaz;;;;;;;;;;;;;x
d_izkaaz_adj;Izkaaz;;;;;;;;;;;;;x
d_izmalya;Izmalya;;;;;;;;;;;;;x
d_izmalya_adj;Izmalya;;;;;;;;;;;;;x
d_jamirya;Jamirya;;;;;;;;;;;;;x
d_jamirya_adj;Jamirya;;;;;;;;;;;;;x
d_jehenna;Jehenna;;;;;;;;;;;;;x
d_jehenna_adj;Jehennan;;;;;;;;;;;;;x
d_jominam;Jomi-nam;;;;;;;;;;;;;x
d_jominam_adj;Jomi-nam;;;;;;;;;;;;;x
d_jylkurfyk;Jylkurfyk;;;;;;;;;;;;;x
d_jylkurfyk_adj;Jylkur;;;;;;;;;;;;;x
d_kabam;Kabam;;;;;;;;;;;;;x
d_kabam_adj;Kabam;;;;;;;;;;;;;x
d_kalaqa;Kalaqa;;;;;;;;;;;;;x
d_kalaqa_adj;Kalaqa;;;;;;;;;;;;;x
d_kaliaya;Kaliaya;;;;;;;;;;;;;x
d_kaliaya_adj;Kaliaya;;;;;;;;;;;;;x
d_kamal_mages_guild;Kamal Mages Guild;;;;;;;;;;;;;x
d_kamal_mages_guild_adj;Kamal Mages Guild;;;;;;;;;;;;;x
d_kamoree;Kamoree;;;;;;;;;;;;;x
d_kamoree_adj;Kamoree;;;;;;;;;;;;;x
d_kangala;Kangala;;;;;;;;;;;;;x
d_kangala_adj;Kangalan;;;;;;;;;;;;;x
d_kansi;Kansi;;;;;;;;;;;;;x
d_kansi_adj;Kansin;;;;;;;;;;;;;x
d_kaon;Kaon;;;;;;;;;;;;;x
d_kaon_adj;Kaon;;;;;;;;;;;;;x
d_kardabaz;Kardabaz;;;;;;;;;;;;;x
d_kardabaz_adj;Kardabaz;;;;;;;;;;;;;x
d_karitu;Karitu;;;;;;;;;;;;;x
d_karitu_adj;Karitu;;;;;;;;;;;;;x
d_kariwesi;Kariwesi;;;;;;;;;;;;;x
d_kariwesi_adj;Kariwesi;;;;;;;;;;;;;x
d_karthspire;Karthspire;;;;;;;;;;;;;x
d_karthspire_adj;Karthspire;;;;;;;;;;;;;x
d_karum;Karum;;;;;;;;;;;;;x
d_karum_adj;Karum;;;;;;;;;;;;;x
d_kasaz;Kasaz;;;;;;;;;;;;;x
d_kasaz_adj;Kasazian;;;;;;;;;;;;;x
d_kataodo;Kata Odo;;;;;;;;;;;;;x
d_kataodo_adj;Kata Odoic;;;;;;;;;;;;;x
d_kayara;Kayara;;;;;;;;;;;;;x
d_kayara_adj;Kayara;;;;;;;;;;;;;x
d_kazedirica;Kazedirica;;;;;;;;;;;;;x
d_kazedirica_adj;Kazedirica;;;;;;;;;;;;;x
d_kingscrest;King's Crest;;;;;;;;;;;;;x
d_kingscrest_adj;King's Crest;;;;;;;;;;;;;x
d_kingshaven;King's Haven;;;;;;;;;;;;;x
d_kingshaven_adj;Kingslander;;;;;;;;;;;;;x
d_kizhrama;Kizhrama;;;;;;;;;;;;;x
d_kizhrama_adj;Kizhrama;;;;;;;;;;;;;x
d_koma;Koma;;;;;;;;;;;;;x
d_koma_adj;Koma;;;;;;;;;;;;;x
d_korvanjund;Korvanjund;;;;;;;;;;;;;x
d_korvanjund_adj;Korvanic;;;;;;;;;;;;;x
d_kvatch;Kvatch;;;;;;;;;;;;;x
d_kvatch_adj;Kvatch;;;;;;;;;;;;;x
d_lainlyn;Lainlyn;;;;;;;;;;;;;x
d_lainlyn_adj;Lainlynian;;;;;;;;;;;;;x
d_lampang;Lampang;;;;;;;;;;;;;x
d_lampang_adj;Lampang;;;;;;;;;;;;;x
d_langkhon;Langkhon;;;;;;;;;;;;;x
d_langkhon_adj;Langkhon;;;;;;;;;;;;;x
d_langthong;Lang Thong;;;;;;;;;;;;;x
d_langthong_adj;Lang Thong;;;;;;;;;;;;;x
d_lankara;Lankara;;;;;;;;;;;;;x
d_lankara_adj;Lankaran;;;;;;;;;;;;;x
d_lautah;Lautah;;;;;;;;;;;;;x
d_lautah_adj;Lautah;;;;;;;;;;;;;x
d_leyawiin;Leyawiin;;;;;;;;;;;;;x
d_leyawiin_adj;Leyawiin;;;;;;;;;;;;;x
d_lilandril;Lillandril;;;;;;;;;;;;;x
d_lilandril_adj;Landrillic;;;;;;;;;;;;;x
d_lillandril;Lillandril;;;;;;;;;;;;;x
d_lillandril_adj;Lillandrilic;;;;;;;;;;;;;x
d_lilmoth;Lilmoth;;;;;;;;;;;;;x
d_lilmoth_adj;Lilmothian;;;;;;;;;;;;;x
d_linchal;Linchal;;;;;;;;;;;;;x
d_linchal_adj;Linchaller;;;;;;;;;;;;;x
d_lividur;Lividur;;;;;;;;;;;;;x
d_lividur_adj;Lividur;;;;;;;;;;;;;x
d_lolthanis;Lolthanis;;;;;;;;;;;;;x
d_lolthanis_adj;Lolthannic;;;;;;;;;;;;;x
d_luang;Lu Ang;;;;;;;;;;;;;x
d_luang_adj;Lu Ang;;;;;;;;;;;;;x
d_maesan;Mae San;;;;;;;;;;;;;x
d_maesan_adj; Mae San;;;;;;;;;;;;;x
d_mages_guild;Mages Guild;;;;;;;;;;;;;x
d_mahala;Mahala;;;;;;;;;;;;;x
d_mahala_adj;Mahalan;;;;;;;;;;;;;x
d_margen;Margen March;;;;;;;;;;;;;x
d_margen_adj;Margennic;;;;;;;;;;;;;x
d_markamal;Markamal;;;;;;;;;;;;;x
d_markamal_adj;Markamal;;;;;;;;;;;;;x
d_markarth;Markarth;;;;;;;;;;;;;x
d_markarth_adj;Markarth;;;;;;;;;;;;;x
d_markmont;Leafwater;;;;;;;;;;;;;x
d_markmont_adj;Leafwater;;;;;;;;;;;;;x
d_marnor;Marnor;;;;;;;;;;;;;x
d_marnor_adj;Marnoric;;;;;;;;;;;;;x
d_mata;Mata;;;;;;;;;;;;;x
d_mata_adj;Mata;;;;;;;;;;;;;x
d_mavikara;Mavikara;;;;;;;;;;;;;x
d_mavikara_adj;Mavikara;;;;;;;;;;;;;x
d_meralang;Meralang;;;;;;;;;;;;;x
d_meralang_adj;Meralang;;;;;;;;;;;;;x
d_mercantile_guild;Mercantile Guild of Tamriel;;;;;;;;;;;;;x
d_mercantile_guild_adj;Mercantile Guild of Tamriel;;;;;;;;;;;;;x
d_mercantile_guild_kamal;Mercantile Guild of Kamal;;;;;;;;;;;;;x
d_mercantile_guild_kamal_adj;Mercantile Guild of Kamal;;;;;;;;;;;;;x
d_mercantile_guild_potun;Mercantile Guild of Ka Po Tun;;;;;;;;;;;;;x
d_mercantile_guild_potun_adj;Mercantile Guild of Ka Po Tun;;;;;;;;;;;;;x
d_mercantile_guild_quey;Mercantile Guild of Quey;;;;;;;;;;;;;x
d_mercantile_guild_quey_adj;Mercantile Guild of Quey;;;;;;;;;;;;;x
d_mercantile_guild_tangmo;Mercantile Guild of Tang Mo;;;;;;;;;;;;;x
d_mercantile_guild_tangmo_adj;Mercantile Guild of Tang Mo;;;;;;;;;;;;;x
d_mercantile_guild_tsaesci;Mercantile Guild of Tsaesci;;;;;;;;;;;;;x
d_mercantile_guild_tsaesci_adj;Mercantile Guild of Tsaesci;;;;;;;;;;;;;x
d_mercantile_guild_yokudan;Mercantile Guild of Yokuda;;;;;;;;;;;;;x
d_mercantile_guild_yokudan_adj;Mercantile Guild of Yokuda;;;;;;;;;;;;;x
d_miaochung;Miao Chung;;;;;;;;;;;;;x
d_miaochung_adj;Miao;;;;;;;;;;;;;x
d_mihir;Mihir;;;;;;;;;;;;;x
d_mihir_adj;Mihir;;;;;;;;;;;;;x
d_moraheim;Moraheim;;;;;;;;;;;;;x
d_moraheim_adj;Moraheimer;;;;;;;;;;;;;x
d_morvunskar;Morvunskar;;;;;;;;;;;;;x
d_morvunskar_adj;Morvunskar;;;;;;;;;;;;;x
d_mournhold_petty;Mournhold;;;;;;;;;;;;;x
d_mulaquey;Mulaquey;;;;;;;;;;;;;x
d_muramori;Marumori;;;;;;;;;;;;;x
d_muramori_adj;Marumori;;;;;;;;;;;;;x
d_murkwood;Murkwood;;;;;;;;;;;;;x
d_murkwood_adj;Murkic;;;;;;;;;;;;;x
d_naariir;Naari-Ir;;;;;;;;;;;;;x
d_naariir_adj;Naari-Ir;;;;;;;;;;;;;x
d_naga;Naga;;;;;;;;;;;;;x
d_naga_adj;Nagan;;;;;;;;;;;;;x
d_naki;Naki;;;;;;;;;;;;;x
d_naki_adj;Naki;;;;;;;;;;;;;x
d_namilam;Namilam;;;;;;;;;;;;;x
d_namilam_adj;Namilam;;;;;;;;;;;;;x
d_nanchung;Nanchung;;;;;;;;;;;;;x
d_nanchung_adj;Nanchian;;;;;;;;;;;;;x
d_nanpong;Nanpong;;;;;;;;;;;;;x
d_nanpong_adj;Nanpong;;;;;;;;;;;;;x
d_narasak;Narasak;;;;;;;;;;;;;x
d_narasak_adj;Narasak;;;;;;;;;;;;;x
d_narrusa;Narrusa;;;;;;;;;;;;;x
d_narrusa_adj;Narrusan;;;;;;;;;;;;;x
d_narsis;Narsis;;;;;;;;;;;;;x
d_narsis_adj;Narsis;;;;;;;;;;;;;x
d_necrom;Necrom;;;;;;;;;;;;;x
d_necromfleet;Necrom Fleet;;;;;;;;;;;;;x
d_necromfleet_adj;Necrom;;;;;;;;;;;;;x
d_necrom_adj;Necromian;;;;;;;;;;;;;x
d_nibenay;Nibenay Basin;;;;;;;;;;;;;x
d_nibenay_adj;Nibenese;;;;;;;;;;;;;x
d_niben_mercantile;Nibenay Mercantile League;;;;;;;;;;;;;x
d_nightcourt;Temple of the Night Court;;;;;;;;;;;;;x
d_nightcourt;Temple of the Night Court;;;;;;;;;;;;;x
d_nilheim;Nilheim;;;;;;;;;;;;;x
d_nilheim_adj;Nilheimer;;;;;;;;;;;;;x
d_nimbel;Nimbel;;;;;;;;;;;;;x
d_nimbel_adj;Nimbelen;;;;;;;;;;;;;x
d_ninedivines;Imperial Cult;;;;;;;;;;;;;x
d_ninedivines_adj;Imperial Cultist;;;;;;;;;;;;;x
d_nisak;Nisak;;;;;;;;;;;;;x
d_nisak_adj;Nisak;;;;;;;;;;;;;x
d_nod;Nod;;;;;;;;;;;;;x
d_nod_adj;Nod;;;;;;;;;;;;;x
d_nomagi;Nomagi;;;;;;;;;;;;;x
d_nomagi_adj;Nomagi;;;;;;;;;;;;;x
d_northall;Northall;;;;;;;;;;;;;x
d_northall_adj;Northallian;;;;;;;;;;;;;x
d_northernvvardenfell;Ashlands;;;;;;;;;;;;;x
d_northernvvardenfell_adj;Ashlander;;;;;;;;;;;;;x
d_northpoint;Northpoint;;;;;;;;;;;;;x
d_northpoint_adj;Northpoint;;;;;;;;;;;;;x
d_northpoint_association;Northpoint Mercantile Association;;;;;;;;;;;;;x
d_northpoint_association_adj;Northpoint Association;;;;;;;;;;;;;x
d_ofusu;Ofusu;;;;;;;;;;;;;x
d_ofusu_adj;Ofusu;;;;;;;;;;;;;x
d_odhisar;Odhisar;;;;;;;;;;;;;x
d_odhisar_adj;Odhisar;;;;;;;;;;;;;x
d_okhamar;Okhamar;;;;;;;;;;;;;x
d_okhamar_adj;Okhamar;;;;;;;;;;;;;x
d_oldgate;Old Gate;;;;;;;;;;;;;x
d_oldgate_adj;Old Gate;;;;;;;;;;;;;x
d_orcrest;Orcrest;;;;;;;;;;;;;x
d_orcrest_adj;Orcrest;;;;;;;;;;;;;x
d_orsinium;Orsinium;;;;;;;;;;;;;x
d_orsinium_adj;Orsimer;;;;;;;;;;;;;x
d_kambria;Kambria;;;;;;;;;;;;;x
d_kambria_adj;Kambrian;;;;;;;;;;;;;x
d_osumawa;Osumawa;;;;;;;;;;;;;x
d_osumawa_adj;Osumawa;;;;;;;;;;;;;x
d_ozu;Ozu;;;;;;;;;;;;;x
d_ozu_adj;Ozu;;;;;;;;;;;;;x
d_paatru;Paatru;;;;;;;;;;;;;x
d_paatru_adj;Paatrun;;;;;;;;;;;;;x
d_padomeic;Padomeic Slavers Guild;;;;;;;;;;;;;x
d_padomeic;Padomeic;;;;;;;;;;;;;x
d_panyat;Panyat;;;;;;;;;;;;;x
d_panyat_adj;Panyat;;;;;;;;;;;;;x
d_papakgisat;Papak Gisat;;;;;;;;;;;;;x
d_papakgisat_adj;Papak Gisat;;;;;;;;;;;;;x
d_papaknucal;Papak Nucal;;;;;;;;;;;;;x
d_papaknucal_adj;Papak Nucal;;;;;;;;;;;;;x
d_papraya;Papraya;;;;;;;;;;;;;x
d_papraya_adj;Papraya;;;;;;;;;;;;;x
d_pellsgate;Pell's Gate;;;;;;;;;;;;;x
d_pellsgate_adj;Pell's;;;;;;;;;;;;;x
d_pontu;Pontu;;;;;;;;;;;;;x
d_pontu_adj;Pontian;;;;;;;;;;;;;x
d_potun_mages_guild;Po Tun Mages Guild;;;;;;;;;;;;;x
d_potun_mages_guild_adj;Po Tun Mages Guild;;;;;;;;;;;;;x
d_prachata;Prachata;;;;;;;;;;;;;x
d_prachata_adj;Prachatan;;;;;;;;;;;;;x
d_praloris;Praloris;;;;;;;;;;;;;x
d_praloris_adj;Praloris;;;;;;;;;;;;;x
d_puchang;Puchang;;;;;;;;;;;;;x
d_puchang_adj;Puchang;;;;;;;;;;;;;x
d_pyrrahn;Pyrrahn;;;;;;;;;;;;;x
d_pyrrahn_adj;Pyrrahnnic;;;;;;;;;;;;;x
d_qautlair;Qautlair;;;;;;;;;;;;;x
d_qautlair_adj;Qautlair;;;;;;;;;;;;;x
d_quandar;Quandar;;;;;;;;;;;;;x
d_quandar_adj;Quandar;;;;;;;;;;;;;x
d_quey_mages_guild;Quey Guild;;;;;;;;;;;;;x
d_rakemis;Rakemis;;;;;;;;;;;;;x
d_rakemis_adj;Rakemis;;;;;;;;;;;;;x
d_rama;Rama;;;;;;;;;;;;;x
d_rama_adj;Raman;;;;;;;;;;;;;x
d_rami;Rami;;;;;;;;;;;;;x
d_rami_adj;Rami;;;;;;;;;;;;;x
d_ratchasima;Ratchasima;;;;;;;;;;;;;x
d_ratchasima_adj;Ratchasiman;;;;;;;;;;;;;x
d_ratchata;Ratchata;;;;;;;;;;;;;x
d_ratchata_adj;Ratchatan;;;;;;;;;;;;;x
d_ravan;Ravan;;;;;;;;;;;;;x
d_ravan_adj;Ravannic;;;;;;;;;;;;;x
d_ravenhall;Ravenhall;;;;;;;;;;;;;x
d_ravenhall_adj;Ravenhall;;;;;;;;;;;;;x
d_reach;The Reach;;;;;;;;;;;;;x
d_reach_adj;Reacher;;;;;;;;;;;;;x
d_reachmen_bloodthorn;Bloodthorn Cult;;;;;;;;;;;;;x
d_reachmen_bloodthorn_adj;Bloodthorn;;;;;;;;;;;;;x
d_reachmen_boneshaper;Boneshaper Clan;;;;;;;;;;;;;x
d_reachmen_boneshaper_adj;Boneshaper;;;;;;;;;;;;;x
d_reachmen_dark_witnesses;Dark Witnesses;;;;;;;;;;;;;x
d_reachmen_dark_witnesses_adj;Dark Witnesses;;;;;;;;;;;;;x
d_reachmen_rageclaw;Rageclaw Clan;;;;;;;;;;;;;x
d_reachmen_rageclaw_adj;Rageclaw;;;;;;;;;;;;;x
d_reachmen_stonetalon;Stonetalon Clan;;;;;;;;;;;;;x
d_reachmen_stonetalon_adj;Stonetalon;;;;;;;;;;;;;x
d_reachmen_winterborn;Winterborn;;;;;;;;;;;;;x
d_reachmen_winterborn_adj;Winterborn;;;;;;;;;;;;;x
d_redman;Redman;;;;;;;;;;;;;x
d_redman_adj;Redmanic;;;;;;;;;;;;;x
d_redoran;House Redoran;;;;;;;;;;;;;x
d_redoran_adj;Redoran;;;;;;;;;;;;;x
d_rep_quey;Republic of Quey;;;;;;;;;;;;;x
d_rep_quey_adj;Republican of Quey;;;;;;;;;;;;;x
d_rep_ravan;Republic of Ravan;;;;;;;;;;;;;x
d_rep_ravan_adj;Republican of Ravan;;;;;;;;;;;;;x
d_rihad;Rihad;;;;;;;;;;;;;x
d_rihad_adj;Rihaddic;;;;;;;;;;;;;x
d_rihad_petty;Rihad;;;;;;;;;;;;;x
d_rimmen;The Rim;;;;;;;;;;;;;x
d_rimmen_adj;Rimmen;;;;;;;;;;;;;x
d_riverhold;Riverhold;;;;;;;;;;;;;x
d_riverhold_adj;Riverhold;;;;;;;;;;;;;x
d_riverhold_petty;Riverhold;;;;;;;;;;;;;x
d_roebeck;Roebeck;;;;;;;;;;;;;x
d_roebeck_adj;Roebecker;;;;;;;;;;;;;x
d_roscrea;Roscrea;;;;;;;;;;;;;x
d_roscrea_adj;Roscrean;;;;;;;;;;;;;x
d_rosefield;Rosefield;;;;;;;;;;;;;x
d_rosefield_adj;Rosefield;;;;;;;;;;;;;x
d_rumare;Rumare;;;;;;;;;;;;;x
d_rumare_adj;Rumaren;;;;;;;;;;;;;x
d_saarthal;Saarthal;;;;;;;;;;;;;x
d_saarthal_adj;Saarthal;;;;;;;;;;;;;x
d_sadras;House Sadras;;;;;;;;;;;;;x
d_sadras_adj;Sadras;;;;;;;;;;;;;x
d_salmer;Salmer;;;;;;;;;;;;;x
d_salmer_adj;Salmer;;;;;;;;;;;;;x
d_samara;Samara;;;;;;;;;;;;;x
d_samara_adj;Samaran;;;;;;;;;;;;;x
d_sancretor;Sancre Tor;;;;;;;;;;;;;x
d_sancretor_adj;Sancren;;;;;;;;;;;;;x
d_sarpa;Sarpa;;;;;;;;;;;;;x
d_sarpa_adj;Sarpan;;;;;;;;;;;;;x
d_satakal;Satakal;;;;;;;;;;;;;x
d_scarhammer;Scarhammer;;;;;;;;;;;;;x
d_scarhammer_adj;Scarhammer;;;;;;;;;;;;;x
d_scenarist_guild;Scenarist Guild of Tamriel;;;;;;;;;;;;;x
d_scenarist_guild_adj;Scenarist Guild of Tamriel;;;;;;;;;;;;;x
d_scenarist_guild_kamal;Scenarist Guild of Kamal;;;;;;;;;;;;;x
d_scenarist_guild_kamal_adj;Scenarist Guild of Kamal;;;;;;;;;;;;;x
d_scenarist_guild_potun;Scenarist Guild of Ka Po Tun;;;;;;;;;;;;;x
d_scenarist_guild_potun_adj;Scenarist Guild of Ka Po Tun;;;;;;;;;;;;;x
d_scenarist_guild_quey;Scenarist Guild of Quey;;;;;;;;;;;;;x
d_scenarist_guild_quey_adj;Scenarist Guild of Quey;;;;;;;;;;;;;x
d_scenarist_guild_tangmo;Scenarist Guild of Tang Mo;;;;;;;;;;;;;x
d_scenarist_guild_tangmo_adj;Scenarist Guild of Tang Mo;;;;;;;;;;;;;x
d_scenarist_guild_tsaesci;Scenarist Guild of Tsaesci;;;;;;;;;;;;;x
d_scenarist_guild_tsaesci_adj;Scenarist Guild of Tsaesci;;;;;;;;;;;;;x
d_scenarist_guild_yokudan;Scenarist Guild of Yokuda;;;;;;;;;;;;;x
d_scenarist_guild_yokudan_adj;Scenarist Guild of Yokuda;;;;;;;;;;;;;x
d_scinia;Scinia;;;;;;;;;;;;;x
d_scinia_adj;Scinian;;;;;;;;;;;;;x
d_secula;Secula;;;;;;;;;;;;;x
d_secula_adj;Seculan;;;;;;;;;;;;;x
d_senchal;Senchal;;;;;;;;;;;;;x
d_senchal_adj;Quinnic;;;;;;;;;;;;;x
d_sentinel;Sentinel;;;;;;;;;;;;;x
d_sentinel_adj;Sentinel;;;;;;;;;;;;;x
d_sentinel_republic;Volenfell Merchants;;;;;;;;;;;;;x
d_sentinel_republic_adj;Volenfell;;;;;;;;;;;;;x
d_sharnhelm;Shornhelm;;;;;;;;;;;;;x
d_sharnhelm_adj;Shornhelm;;;;;;;;;;;;;x
d_shi;Shi;;;;;;;;;;;;;x
d_shien;Shien;;;;;;;;;;;;;x
d_shien_adj;Shien;;;;;;;;;;;;;x
d_shimaru;Shimaru;;;;;;;;;;;;;x
d_shimaru_adj;Shimaru;;;;;;;;;;;;;x
d_shimmerene;Shimmerene;;;;;;;;;;;;;x
d_shimmerene_adj;Shimmerene;;;;;;;;;;;;;x
d_shingen;Shingen;;;;;;;;;;;;;x
d_shingen_adj;Shingen;;;;;;;;;;;;;x
d_shingliu;Shingliu;;;;;;;;;;;;;x
d_shingliu_adj;Shinglian;;;;;;;;;;;;;x
d_shi_adj;Shi;;;;;;;;;;;;;x
d_shouluol;Shou-luol;;;;;;;;;;;;;x
d_shouluol_adj;Shou-luol;;;;;;;;;;;;;x
d_sihirqul;Sihirqul;;;;;;;;;;;;;x
d_sihirqul_adj;Sihirqul;;;;;;;;;;;;;x
d_sil;Sil;;;;;;;;;;;;;x
d_silgrad;Silgrad;;;;;;;;;;;;;x
d_silgrad_adj;Silgradian;;;;;;;;;;;;;x
d_silvenar;Silvenar;;;;;;;;;;;;;x
d_sil_adj;Sillic;;;;;;;;;;;;;x
d_simianisles;Simian Isles;;;;;;;;;;;;;x
d_simianisles_adj;Simian Islander;;;;;;;;;;;;;x
d_skalrheim;Skalrheim;;;;;;;;;;;;;x
d_skalrheim_adj;Skalrheimer;;;;;;;;;;;;;x
d_skane;Skane;;;;;;;;;;;;;x
d_skane_adj;Skanian;;;;;;;;;;;;;x
d_skaven;Skaven;;;;;;;;;;;;;x
d_skaven_adj;Skaven;;;;;;;;;;;;;x
d_skingrad;Skingrad;;;;;;;;;;;;;x
d_skingrad_adj;Skingrad;;;;;;;;;;;;;x
d_skingrad_petty;Skingrad;;;;;;;;;;;;;x
d_skyshroud;Thormar;;;;;;;;;;;;;x
d_skyshroud_adj;Thormaric;;;;;;;;;;;;;x
d_skywatch;Skywatch;;;;;;;;;;;;;x
d_skywatch_adj;Skywatcher;;;;;;;;;;;;;x
d_snapvine;Snapvine;;;;;;;;;;;;;x
d_snapvine_adj;Snapvinean;;;;;;;;;;;;;x
d_snowhawk;Snowhawk;;;;;;;;;;;;;x
d_snowhawk_adj;Snowhawker;;;;;;;;;;;;;x
d_soggi;Soggi;;;;;;;;;;;;;x
d_soggi_adj;Soggi;;;;;;;;;;;;;x
d_solitude_league;Solitude Merchant League;;;;;;;;;;;;;x
d_solitude_league_adj;Solitude Merchant League;;;;;;;;;;;;;x
d_solstheim;Solstheim;;;;;;;;;;;;;x
d_solstheim_adj;Solstian;;;;;;;;;;;;;x
d_soma;Santaki;;;;;;;;;;;;;x
d_soma_adj;Santakian;;;;;;;;;;;;;x
d_soulrest;Soulrest;;;;;;;;;;;;;x
d_soulrest_adj;Soulrest;;;;;;;;;;;;;x
d_southernisles;The Southern Isles;;;;;;;;;;;;;x
d_southernisles_adj;Southerner;;;;;;;;;;;;;x
d_southernvvardenfell;Bitter Coast;;;;;;;;;;;;;x
d_southernvvardenfell_adj;Bitter Coast;;;;;;;;;;;;;x
d_southpoint;Southpoint;;;;;;;;;;;;;x
d_southpoint_adj;Southpoint;;;;;;;;;;;;;x
d_stirk;Stirk;;;;;;;;;;;;;x
d_stirk_adj;Stirk;;;;;;;;;;;;;x
d_stonedale;Stonedale;;;;;;;;;;;;;x
d_stonedale_adj;Stonedaler;;;;;;;;;;;;;x
d_stonemoor;Stonemoor;;;;;;;;;;;;;x
d_stonemoor_adj;Stonemoorian;;;;;;;;;;;;;x
d_stonewastes;Stonewastes;;;;;;;;;;;;;x
d_stonewastes_adj;Stonewaste;;;;;;;;;;;;;x
d_stormhold;Stormhold;;;;;;;;;;;;;x
d_stormhold_adj;Stormhold;;;;;;;;;;;;;x
d_stormhold_petty;Stormhold;;;;;;;;;;;;;x
d_strosmkai;Stros M'kai;;;;;;;;;;;;;x
d_strosmkai_adj;Strossian;;;;;;;;;;;;;x
d_sun;Sun;;;;;;;;;;;;;x
d_suncourt;Temple of the Sun Court;;;;;;;;;;;;;x
d_suncourt_desc;Temple of the Sun Court;;;;;;;;;;;;;x
d_sundercliff;Sundercliff;;;;;;;;;;;;;x
d_sundercliff_adj;Sundercliff;;;;;;;;;;;;;x
d_sunderstone;Sunderstone;;;;;;;;;;;;;x
d_sunderstone_adj;Sunderian;;;;;;;;;;;;;x
d_sungard;Sungard;;;;;;;;;;;;;x
d_sungard_adj;Sungardian;;;;;;;;;;;;;x
d_sunhold;Sunhold;;;;;;;;;;;;;x
d_sunhold_adj;Sunhold;;;;;;;;;;;;;x
d_sunkeep;Abibon-Gora;;;;;;;;;;;;;x
d_sunkeep_adj;Abibon;;;;;;;;;;;;;x
d_sun_adj;Sun;;;;;;;;;;;;;x
d_surakota;Surakota;;;;;;;;;;;;;x
d_surakota_adj;Surakota;;;;;;;;;;;;;x
d_sutch;Sutch;;;;;;;;;;;;;x
d_sutch_adj;Sutch;;;;;;;;;;;;;x
d_tagawa;Tagawa;;;;;;;;;;;;;x
d_tagawa_adj;Tagawa;;;;;;;;;;;;;x
d_taneth;Taneth;;;;;;;;;;;;;x
d_taneth_adj;Tanethic;;;;;;;;;;;;;x
d_tanghet;Tanghet;;;;;;;;;;;;;x
d_tanghet_adj;Tanghet;;;;;;;;;;;;;x
d_tangmo_mages_guild;Tang Mo Mages Guild;;;;;;;;;;;;;x
d_tangmo_mages_guild_adj;Tang Mo Mages Guild;;;;;;;;;;;;;x
d_tangyala;Tang Yala;;;;;;;;;;;;;x
d_tangyala_adj;Tang Yalan;;;;;;;;;;;;;x
d_tarlain;Tarlain;;;;;;;;;;;;;x
d_tarlain_adj;Tarlain;;;;;;;;;;;;;x
d_tarshehir;Tarshehir;;;;;;;;;;;;;x
d_tarshehir_adj;Tarshehir;;;;;;;;;;;;;x
d_tear;Tear;;;;;;;;;;;;;x
d_tear_adj;Terric;;;;;;;;;;;;;x
d_tear_republic;Tear Slavers Guild;;;;;;;;;;;;;x
d_tear_republic_adj;Terric;;;;;;;;;;;;;x
d_tekirza;Tekirza;;;;;;;;;;;;;x
d_tekirza_adj;Tekirza;;;;;;;;;;;;;x
d_teleman;Teleman;;;;;;;;;;;;;x
d_teleman_adj;Telemen;;;;;;;;;;;;;x
d_telvanni;House Telvanni;;;;;;;;;;;;;x
d_telvannis;Telvannis;;;;;;;;;;;;;x
d_telvannis_adj;Telvannic;;;;;;;;;;;;;x
d_telvanni_adj;Telvanni;;;;;;;;;;;;;x
d_tenmar;Tenmar;;;;;;;;;;;;;x
d_tenmar_adj;Tenmaric;;;;;;;;;;;;;x
d_thanmo;Than Mo;;;;;;;;;;;;;x
d_thanmo_adj;Than Mo;;;;;;;;;;;;;x
d_thayala;Thayala;;;;;;;;;;;;;x
d_thayala_adj;Thayalan;;;;;;;;;;;;;x
d_thechain;The Chain;;;;;;;;;;;;;x
d_thechain_adj;Chainman;;;;;;;;;;;;;x
d_thepale;The Pale;;;;;;;;;;;;;x
d_thepale_adj;Palen;;;;;;;;;;;;;x
d_therift;The Rift;;;;;;;;;;;;;x
d_therift_adj;Rifter;;;;;;;;;;;;;x
d_brukreich;Brukreich;;;;;;;;;;;;;x
d_brukreich_adj;Brukreichan;;;;;;;;;;;;;x
d_thir;Thir;;;;;;;;;;;;;x
d_thirfleet;Third Fleet;;;;;;;;;;;;;x
d_thirfleet_adj;Third;;;;;;;;;;;;;x
d_thir_adj;Thir;;;;;;;;;;;;;x
d_thir_republic;Bitter Coast Mercantile Association;;;;;;;;;;;;;x
d_thir_republic_adj;Thir;;;;;;;;;;;;;x
d_thormar;Alara;;;;;;;;;;;;;x
d_thormar_adj;Alaran;;;;;;;;;;;;;x
d_thorn;Thorn;;;;;;;;;;;;;x
d_thornwarlords;Thorn Warlords;;;;;;;;;;;;;x
d_thornwarlords_adj;Thorn Warlord;;;;;;;;;;;;;x
d_thorn_adj;Thornic;;;;;;;;;;;;;x
d_thras_embassy;Thrassian Embassy;;;;;;;;;;;;;x
d_thras_embassy_desc;Thrassian Ambassadorial;;;;;;;;;;;;;x
d_timberwatch;Greenshade;;;;;;;;;;;;;x
d_timberwatch_adj;Greenshadian;;;;;;;;;;;;;x
d_topalsea;The Topal Sea;;;;;;;;;;;;;x
d_topalsea_adj;Topallic;;;;;;;;;;;;;x
d_torval;Torval;;;;;;;;;;;;;x
d_torval_adj;Torval;;;;;;;;;;;;;x
d_tose;Tose;;;;;;;;;;;;;x
d_tose_adj;Tose;;;;;;;;;;;;;x
d_totambu;Totambu;;;;;;;;;;;;;x
d_totambu_adj;Totambun;;;;;;;;;;;;;x
d_towesi;Towesi;;;;;;;;;;;;;x
d_towesi_adj;Towesi;;;;;;;;;;;;;x
d_tsaesci_mages_guild;Tsaesci Mages Guild;;;;;;;;;;;;;x
d_tsaesci_mages_guild_adj;Tsaesci Mages Guild;;;;;;;;;;;;;x
d_tzin;Tzin;;;;;;;;;;;;;x
d_tzin_adj;Tzin;;;;;;;;;;;;;x
d_umbhrem;Umbhrem;;;;;;;;;;;;;x
d_umbhrem_adj;Umbhrem;;;;;;;;;;;;;x
d_urasek;Urasek;;;;;;;;;;;;;x
d_urasek_adj;Urasekian;;;;;;;;;;;;;x
d_ustunspass;Ustun's Pass;;;;;;;;;;;;;x
d_ustunspass_adj;Ustun;;;;;;;;;;;;;x
d_vale;Vale;;;;;;;;;;;;;x
d_valenwoodfleet;Valenwood Fleet;;;;;;;;;;;;;x
d_valenwoodfleet_adj;Valenwood;;;;;;;;;;;;;x
d_vale_adj;Vale;;;;;;;;;;;;;x
d_vallas;Vallas;;;;;;;;;;;;;x
d_vallas_adj;Vallasian;;;;;;;;;;;;;x
d_valtgard;Valtgard;;;;;;;;;;;;;x
d_valtgard_adj;Valtgard;;;;;;;;;;;;;x
d_valus;Valus;;;;;;;;;;;;;x
d_valus_adj;Valian;;;;;;;;;;;;;x
d_vanya;Vanya;;;;;;;;;;;;;x
d_vanya_adj;Vanya;;;;;;;;;;;;;x
d_vaspung;Vaspung;;;;;;;;;;;;;x
d_vaspung_adj;Vaspung;;;;;;;;;;;;;x
d_vatkwari;Vatkwari;;;;;;;;;;;;;x
d_vatkwari_adj;Vatkwari;;;;;;;;;;;;;x
d_velothis;Velothis;;;;;;;;;;;;;x
d_velothis_adj;Velothian;;;;;;;;;;;;;x
d_verkarth;Verkarth;;;;;;;;;;;;;x
d_verkarth_adj;Verkarth;;;;;;;;;;;;;x
d_vinquey;Vinquey;;;;;;;;;;;;;x
d_virtue;Virtue;;;;;;;;;;;;;x
d_virtue_adj;Virtuan;;;;;;;;;;;;;x
d_vivec;Vivec;;;;;;;;;;;;;x
d_vived_adj;Vivecian;;;;;;;;;;;;;x
d_volkihar;Volkihar;;;;;;;;;;;;;x
d_volskygge;Volskygge;;;;;;;;;;;;;x
d_volskygge_adj;Volskyggen;;;;;;;;;;;;;x
d_volwesi;Volwesi;;;;;;;;;;;;;x
d_volwesi_adj;Volwesi;;;;;;;;;;;;;x
d_vulkneu;Vulkneu;;;;;;;;;;;;;x
d_vulkneu_adj;Vulkneuen;;;;;;;;;;;;;x
d_vulnim;Vulnim;;;;;;;;;;;;;x
d_vulnim_adj;Vulnimmic;;;;;;;;;;;;;x
d_vvardenfell;Vvardenfell;;;;;;;;;;;;;x
d_vvardenfell_adj;Vvarden;;;;;;;;;;;;;x
d_wanir;Wanir;;;;;;;;;;;;;x
d_wanir_adj;Wanir;;;;;;;;;;;;;x
d_wata;Wata;;;;;;;;;;;;;x
d_wata_adj;Wata;;;;;;;;;;;;;x
d_wayrest;Wayrest;;;;;;;;;;;;;x
d_wayrest_adj;Wayrest;;;;;;;;;;;;;x
d_westempire_republic;West Empire Company;;;;;;;;;;;;;x
d_westweald;The West Weald;;;;;;;;;;;;;x
d_westweald_adj;Wealder;;;;;;;;;;;;;x
d_whiteguard;Whiteguard;;;;;;;;;;;;;x
d_whiteguard_adj;Whiteguarder;;;;;;;;;;;;;x
d_whitehaven;Whitehaven;;;;;;;;;;;;;x
d_whitehaven_adj;Whitehavener;;;;;;;;;;;;;x
d_whiterun;Whiterun;;;;;;;;;;;;;x
d_whiterun_adj;Whiterunner;;;;;;;;;;;;;x
d_wiali;Wiali;;;;;;;;;;;;;x
d_wiali_adj;Wiali;;;;;;;;;;;;;x
d_cormount;Archen Cormount;;;;;;;;;;;;;x
d_cormount_adj;Archen;;;;;;;;;;;;;x
d_winterhold;Winterhold;;;;;;;;;;;;;x
d_winterhold_adj;Winterhold;;;;;;;;;;;;;x
d_winterhold_petty;Winterhold;;;;;;;;;;;;;x
d_winterskeep;Donzhi;;;;;;;;;;;;;x
d_winterskeep_adj;Donzhi;;;;;;;;;;;;;x
d_wirewood;Wirewood;;;;;;;;;;;;;x
d_wirewood_adj;Wirewood;;;;;;;;;;;;;x
d_woodhearthnomads_adj;Woodhearth Nomad;;;;;;;;;;;;;x
d_wormorder;Order of the Black Worm;;;;;;;;;;;;;x
d_wormorder_adj;Black Worm;;;;;;;;;;;;;x
d_wrothgarian;Koegria;;;;;;;;;;;;;x
d_wrothgarian_adj;Koegrian;;;;;;;;;;;;;x
d_wuli;Wu Li;;;;;;;;;;;;;x
d_wuli_adj;Lian;;;;;;;;;;;;;x
d_xaoiko;Xao Iko;;;;;;;;;;;;;x
d_xaoiko_adj;Xao Ikoic;;;;;;;;;;;;;x
d_xermer;Xermer;;;;;;;;;;;;;x
d_xermer_adj;Xermer;;;;;;;;;;;;;x
d_yichung;Yichung;;;;;;;;;;;;;x
d_yichung_adj;Yichung;;;;;;;;;;;;;x
d_yneslea;Yneslea;;;;;;;;;;;;;x
d_yneslea_adj;Yneslean;;;;;;;;;;;;;x
d_ysunn;Ysunn;;;;;;;;;;;;;x
d_ysunn_adj;Ysunn;;;;;;;;;;;;;x
d_zahedann;Zahedann;;;;;;;;;;;;;x
d_zahedann_adj;Zahedann;;;;;;;;;;;;;x
