confederacy_government;Confederacy;;;;;;;;;;;;;x
confederacy_government_desc;A confederacy is based upon feudal government, featuring a loose association of autonomous rulers under the banner of a single individual. Unlike feudal government, a confederacy is never intended to be centralized, and only Elective Succession is allowed. A confederate ruler does not control their vassal levies, and must instead call them to war to fight on their behalf.;;;;;;;;;;;;;x
imperial_commune_government;Imperial Commune;;;;;;;;;;;;;x
imperial_commune_government_desc;The Imperial Commune form of government is an oligarchial form of feudal elective government established by some of the Imperial City's most powerful families in the wake of the Potentate's collapse and the chaos the ensued. It's primary purpose is to protect the Imperial Isle and the interests of it's rulers. It claims to derive power from the vestiges of the defunct Elder Council, an institution of the former Empire.;;;;;;;;;;;;;x
reformed_imperial_commune_government;Imperial Republic;;;;;;;;;;;;;x
reformed_imperial_commune_government_desc;The Imperial Republic form of government is a more centralized and stable form of the Imperial Commune, having been brought back from the brink of death and nursed back to become stronger than ever. While still privy to the machinations of the various noble houses of the Imperial Province, the ruler is a far more respected figure with much more sway and power than in the erstwhile Commune. The seat of Emperors is within your grasp!;;;;;;;;;;;;;x
mane_government;Mane;;;;;;;;;;;;;x
mane_government_desc;The Mane's system of government follows most of the fundamentals of feudalism, but contains several caveats due to the Mane's unique status as a secular and religious ruler. The Mane may hold temples at no penalty, and is permitted to have concubines. Whenever the Mane dies, a new Mane - always a male Khajiit, newly born under a unique alignment of the Moons - is selected.;;;;;;;;;;;;;x
matriarchy_government;Tsaesci Matriarchy;;;;;;;;;;;;;x
matriarchy_government_desc;Tsaesci matriarchy closely resembles feudal government and depends upon a contract between liege and vassal, but as its name indicates, it is dominated by females. Only females are allowed to inherit matriarchies, and while it is not unheard of for a male to control a matriarchy, they will draw the ire of vassal matriarchs for violating the conventions of this system.;;;;;;;;;;;;;x
orsimer_government;Code of Malacath;;;;;;;;;;;;;x
orsimer_government_desc;Orcish government is fundamentally similar to feudal government, with chieftains who rule from strongholds and maintain vassals. However, there are many influences from the Code of Malacath that set this system apart. Only males may inherit titles, and may keep multiple wives. They also rule for life, with the eldest or most powerful son inheriting, but can be (and frequently are) challenged by offspring, relatives or vassals who may slay them in personal combat for their titles. The laws of the land are determined solely by the ruler, not by vote, but can only be changed if the ruler is prestigious and respected. Since Orcish rulers follow only the Code of Malacath, their personal whims and the rules laid down by their overlords, they ignore the laws set by outlander governments--even if one of those is their liege.;;;;;;;;;;;;;x
roman_imperial_government;Imperial;;;;;;;;;;;;;x
roman_imperial_government_desc;The Empire is run through a more bureaucratic form of government than pure feudalism. While the relation between the Ruby Throne and its subjects is still critical, far more power is reserved to ensure the efficient administration of the Empire. As a result of this, however, the bureaucracy itself can stand as an opponent to any ambitious Emperors.;;;;;;;;;;;;;x
gov_colovian_confederacy;Confederacy of the Colovian Estates;;;;;;;;;;;;;x
gov_confederacy;[PrimaryTitle.GetAdjective] Confederacy;;;;;;;;;;;;;x
gov_imperial_commune;Imperial Commune;;;;;;;;;;;;;x
gov_imperial_commune_reformed;Imperial Republic;;;;;;;;;;;;;x
gov_cyrodilic_empire;Cyrodilic Empire;;;;;;;;;;;;;x
gov_tamrielic_empire;Tamrielic Empire;;;;;;;;;;;;;x
gov_hereditary_absolute_autocracy_orsimer;Hereditary Absolute Imperial Autocracy;;;;;;;;;;;;;x
gov_hereditary_absolute_monarchy_orsimer;Hereditary Absolute [PrimaryTitle.GetTier];;;;;;;;;;;;;x
gov_hereditary_aristocratic_autocracy_orsimer;Hereditary Aristocratic Imperial Autocracy;;;;;;;;;;;;;x
gov_hereditary_aristocratic_monarchy_orsimer;Hereditary Aristocratic [PrimaryTitle.GetTier];;;;;;;;;;;;;x
gov_hereditary_despotic_autocracy_orsimer;Hereditary Despotic Imperial Autocracy;;;;;;;;;;;;;x
gov_hereditary_despotic_monarchy_orsimer;Hereditary Despotic [PrimaryTitle.GetTier];;;;;;;;;;;;;x
gov_electorial_absolute_autocracy_tsaesci;Elective Absolute Imperial Autocracy;;;;;;;;;;;;;x
gov_electorial_absolute_monarchy_tsaesci;Elective Absolute [PrimaryTitle.GetTier];;;;;;;;;;;;;x
gov_electorial_aristocratic_monarchy_tsaesci;Elective Aristocratic [PrimaryTitle.GetTier];;;;;;;;;;;;;x
gov_electorial_aristocratic_autocracy_tsaesci;Elective Aristocratic Imperial Autocracy;;;;;;;;;;;;;x
gov_electorial_despotic_autocracy_tsaesci;Elective Despotic Imperial Autocracy;;;;;;;;;;;;;x
gov_electorial_despotic_monarchy_tsaesci;Elective Despotic [PrimaryTitle.GetTier];;;;;;;;;;;;;x
gov_hereditary_absolute_autocracy_tsaesci;Hereditary Absolute Imperial Autocracy;;;;;;;;;;;;;x
gov_hereditary_absolute_monarchy_tsaesci;Hereditary Absolute [PrimaryTitle.GetTier];;;;;;;;;;;;;x
gov_hereditary_aristocratic_autocracy_tsaesci;Hereditary Aristocratic Imperial Autocracy;;;;;;;;;;;;;x
gov_hereditary_aristocratic_monarchy_tsaesci;Hereditary Aristocratic [PrimaryTitle.GetTier];;;;;;;;;;;;;x
gov_hereditary_despotic_autocracy_tsaesci;Hereditary Despotic Imperial Autocracy;;;;;;;;;;;;;x
gov_hereditary_despotic_monarchy_tsaesci;Hereditary Despotic [PrimaryTitle.GetTier];;;;;;;;;;;;;x
gov_khajiit_mane;Theocratic Riddle'Thar [PrimaryTitle.GetTier];;;;;;;;;;;;;x
gov_elven_ceremoniarchy;Elven Ceremoniarchy;;;;;;;;;;;;;x
gov_maormer_divine_autocracy;Divine Autocracy;;;;;;;;;;;;;x
gov_hagraven_coven;Hagraven Coven;;;;;;;;;;;;;x
gov_briarheart_clan;Briarheart Clan;;;;;;;;;;;;;x
gov_dunmeri_house;Dunmeri House;;;;;;;;;;;;;x
gov_chimeri_house;Chimeri House;;;;;;;;;;;;;x
gov_dunmeri_great_house;Dunmeri Great House;;;;;;;;;;;;;x
gov_chimeri_great_house;Chimeri Great House;;;;;;;;;;;;;x
gov_undead_horde;Undead Horde;;;;;;;;;;;;;x
law_vassalage;Vassalage;;;;;;;;;;;;;x
law_vassalage_desc;Vassalage laws determine the nature of the relationship between a liege and their vassals.;;;;;;;;;;;;;x
vassalage_law_1;Confed;;;;;;;;;;;;;x
vassalage_law_1_desc;Confederate vassalage represents a vassal-liege relationship much like that of the Colovian Estates. The realm shall be restricted to Elective succession, and vassals do not provide levies, instead being called to arms.;;;;;;;;;;;;;x
vassalage_law_0;Feudal;;;;;;;;;;;;;x
vassalage_law_0_desc;Feudalism tightens the relationship between liege and vassal. Vassals must provide levy soldiers to their liege, regardless of their disposition to go to war, and the realm is not limited to Elective succession.;;;;;;;;;;;;;x
#custgovts.desc.101;As of late you have been thinking about your right to rule. Your father, while he has managed to hold the realm together, is not the ruler that you could be. As a servant of Malacath, it is your right to challenge him for his rulership.;;;;;;;;;;;;;x
#custgovts.a.101;His throne shall be mine!;;;;;;;;;;;;;x
#custgovts.b.101;Perhaps I should bide my time...;;;;;;;;;;;;;x
#custgovts.desc.102;Your son [From.GetTitledFirstName] has had the insolence to challenge you for the right to rule before your court. He has come armed and with his followers, and you are sure that there are very few ways that this situation can end.;;;;;;;;;;;;;x
#custgovts.a.102;I shall slay the brat in personal combat!;;;;;;;;;;;;;x
#custgovts.b.102;The time of my rule has ended.;;;;;;;;;;;;;x
#custgovts.desc.103;Your father has decided to surrender the throne to you without combat. While his name is disgraced, you are now the sole overlord of your land.;;;;;;;;;;;;;x
#custgovts.a.103;It's good to be [Root.GetTitle].;;;;;;;;;;;;;x
#custgovts.desc.104;Your father has taken up your challenge and preparations for the duel commence.;;;;;;;;;;;;;x
#custgovts.a.104;For Malacath!;;;;;;;;;;;;;x
#custgovts.desc.challenger.108;After a long battle, you have finally brought your father to his knees. The crowd falls silent just before you deal the final blow.;;;;;;;;;;;;;x
#custgovts.desc.opponent.108;You quickly prove to be the mightier combatant in the duel. You slowly pick away at your son's defences before he lies helpless at your feet. His followers fall silent as you deal the killing blow.;;;;;;;;;;;;;x
#custgovts.a.108;Only the strongest may rule!;;;;;;;;;;;;;x
#custgovts.b.108;Only the strongest may rule!;;;;;;;;;;;;;x
#custgovts.desc.challenger.109;You fight desperately for your life, but your father proves to be the better. Eventually, you are left battered and bloodied at his feet. While you lie there helpless, he deals the killing blow.;;;;;;;;;;;;;x
#custgovts.desc.opponent.109;You son deals blows after blow after blow against you. You tire quickly, and before you know it, you see the final strike coming towards you...;;;;;;;;;;;;;x
#custgovts.a.109;I go to Malacath.;;;;;;;;;;;;;x
custgovts.100.desc;My [GetFromRelation], [From.GetTitledFirstName], has had the audacity to question my right to rule our people before the entire court. The Code of Malacath demands that I fight with honour, but given my authority, I may be able to postpone the duel indefinitely.;;;;;;;;;;;;;x
custgovts.100.accept;We will see who is worthy to lead our people!;;;;;;;;;;;;;x
custgovts.100.refuse;Your time has not come.;;;;;;;;;;;;;x
custgovts.101;[From.GetBestName] has accepted my challenge of [From.GetHerHis] right to rule. The most prominent warriors in the realm are gathering to witness our combat.;;;;;;;;;;;;;x
custgovts.101.fight;May the strongest prevail.;;;;;;;;;;;;;x
custgovts.102.desc;[From.GetBestName] has refused my challenge of [From.GetHerHis] leadership, stating that I am not yet ready to lead. While I may not be able to demand rulership just yet, many warriors were visibly outraged by [From.GetHerHis] cowardice.;;;;;;;;;;;;;x
custgovts.102.pathetic;That coward thinks I am not worthy leadership?;;;;;;;;;;;;;x
HFP.10103.desc.orsimer;[other_combatant.GetTitledFirstName] and I circle each other for a short while. Without warning, [other_combatant.GetSheHe] springs at me with a loud roar. After several minutes of vigorous clashing, [From.GetSheHe] is barely able to keep hold of their weapon, which rises to block my final strike just a moment too late.;;;;;;;;;;;;;x
HFP.10103.kill.true_orsimer;No one bests a real orc!;;;;;;;;;;;;;x
HFP.10103.kill.orsimer;No one bests an orc!;;;;;;;;;;;;;x
HFP.10103.spare;Step down and I will spare you.;;;;;;;;;;;;;x
HFP.10104.accept;I still have time to redeem myself.;;;;;;;;;;;;;x
HFP.10104.refuse;I must pay the Blood Price.;;;;;;;;;;;;;x
HFP.10104.player;You will lead our people to greatness.;;;;;;;;;;;;;x
orsimer_unproven_ruler;Unproven [Root.GetTitle];;;;;;;;;;;;;x
orsimer_unproven_ruler_desc;This ruler has yet to prove themselves as being worthy of leading Malacath's people.;;;;;;;;;;;;;x
orsimer_cowardly_ruler;Shamed Malacath;;;;;;;;;;;;;x
orsimer_cowardly_ruler_desc;This ruler has violated the Code of Malacath with their cowardice.;;;;;;;;;;;;;x
orsimer_leadership_duel_decision;Challenge Leadership;;;;;;;;;;;;;x
orsimer_leadership_duel_decision_desc;[Root.GetBestName] has had [Root.GetHerHis] time leading the people of [Root.PrimaryTitle.GetName]. It is time for a true champion of Malacath to take command.;;;;;;;;;;;;;x
impstab.dec.1;Imperial Stability will decrease by §Y1§!;;;;;;;;;;;;;x
impstab.dec.2;Imperial Stability will decrease by §Y2§!;;;;;;;;;;;;;x
impstab.dec.3;Imperial Stability will decrease by §Y3§!;;;;;;;;;;;;;x
impstab.dec.4;Imperial Stability will decrease by §Y4§!;;;;;;;;;;;;;x
impstab.dec.5;Imperial Stability will decrease by §Y5§!;;;;;;;;;;;;;x
impstab.dec.6;Imperial Stability will decrease by §Y6§!;;;;;;;;;;;;;x
impstab.dec.7;Imperial Stability will decrease by §Y7§!;;;;;;;;;;;;;x
impstab.dec.8;Imperial Stability will decrease by §Y8§!;;;;;;;;;;;;;x
impstab.dec.9;Imperial Stability will decrease by §Y9§!;;;;;;;;;;;;;x
impstab.dec.10;Imperial Stability will decrease by §Y10§!;;;;;;;;;;;;;x
impstab.inc.1;Imperial Stability will increase by §Y1§!;;;;;;;;;;;;;x
impstab.inc.2;Imperial Stability will increase by §Y2§!;;;;;;;;;;;;;x
impstab.inc.3;Imperial Stability will increase by §Y3§!;;;;;;;;;;;;;x
impstab.inc.4;Imperial Stability will increase by §Y4§!;;;;;;;;;;;;;x
impstab.inc.5;Imperial Stability will increase by §Y5§!;;;;;;;;;;;;;x
impstab.inc.6;Imperial Stability will increase by §Y6§!;;;;;;;;;;;;;x
impstab.inc.7;Imperial Stability will increase by §Y7§!;;;;;;;;;;;;;x
impstab.inc.8;Imperial Stability will increase by §Y8§!;;;;;;;;;;;;;x
impstab.inc.9;Imperial Stability will increase by §Y9§!;;;;;;;;;;;;;x
impstab.inc.10;Imperial Stability will increase by §Y10§!;;;;;;;;;;;;;x
imp_stab_neg_50;Imperial Stability: §Y-50§!;;;;;;;;;;;;;x
imp_stab_neg_49;Imperial Stability: §Y-49§!;;;;;;;;;;;;;x
imp_stab_neg_48;Imperial Stability: §Y-48§!;;;;;;;;;;;;;x
imp_stab_neg_47;Imperial Stability: §Y-47§!;;;;;;;;;;;;;x
imp_stab_neg_46;Imperial Stability: §Y-46§!;;;;;;;;;;;;;x
imp_stab_neg_45;Imperial Stability: §Y-45§!;;;;;;;;;;;;;x
imp_stab_neg_44;Imperial Stability: §Y-44§!;;;;;;;;;;;;;x
imp_stab_neg_43;Imperial Stability: §Y-43§!;;;;;;;;;;;;;x
imp_stab_neg_42;Imperial Stability: §Y-42§!;;;;;;;;;;;;;x
imp_stab_neg_41;Imperial Stability: §Y-41§!;;;;;;;;;;;;;x
imp_stab_neg_40;Imperial Stability: §Y-40§!;;;;;;;;;;;;;x
imp_stab_neg_39;Imperial Stability: §Y-39§!;;;;;;;;;;;;;x
imp_stab_neg_38;Imperial Stability: §Y-38§!;;;;;;;;;;;;;x
imp_stab_neg_37;Imperial Stability: §Y-37§!;;;;;;;;;;;;;x
imp_stab_neg_36;Imperial Stability: §Y-36§!;;;;;;;;;;;;;x
imp_stab_neg_35;Imperial Stability: §Y-35§!;;;;;;;;;;;;;x
imp_stab_neg_34;Imperial Stability: §Y-34§!;;;;;;;;;;;;;x
imp_stab_neg_33;Imperial Stability: §Y-33§!;;;;;;;;;;;;;x
imp_stab_neg_32;Imperial Stability: §Y-32§!;;;;;;;;;;;;;x
imp_stab_neg_31;Imperial Stability: §Y-31§!;;;;;;;;;;;;;x
imp_stab_neg_30;Imperial Stability: §Y-30§!;;;;;;;;;;;;;x
imp_stab_neg_29;Imperial Stability: §Y-29§!;;;;;;;;;;;;;x
imp_stab_neg_28;Imperial Stability: §Y-28§!;;;;;;;;;;;;;x
imp_stab_neg_27;Imperial Stability: §Y-27§!;;;;;;;;;;;;;x
imp_stab_neg_26;Imperial Stability: §Y-26§!;;;;;;;;;;;;;x
imp_stab_neg_25;Imperial Stability: §Y-25§!;;;;;;;;;;;;;x
imp_stab_neg_24;Imperial Stability: §Y-24§!;;;;;;;;;;;;;x
imp_stab_neg_23;Imperial Stability: §Y-23§!;;;;;;;;;;;;;x
imp_stab_neg_22;Imperial Stability: §Y-22§!;;;;;;;;;;;;;x
imp_stab_neg_21;Imperial Stability: §Y-21§!;;;;;;;;;;;;;x
imp_stab_neg_20;Imperial Stability: §Y-20§!;;;;;;;;;;;;;x
imp_stab_neg_19;Imperial Stability: §Y-19§!;;;;;;;;;;;;;x
imp_stab_neg_18;Imperial Stability: §Y-18§!;;;;;;;;;;;;;x
imp_stab_neg_17;Imperial Stability: §Y-17§!;;;;;;;;;;;;;x
imp_stab_neg_16;Imperial Stability: §Y-16§!;;;;;;;;;;;;;x
imp_stab_neg_15;Imperial Stability: §Y-15§!;;;;;;;;;;;;;x
imp_stab_neg_14;Imperial Stability: §Y-14§!;;;;;;;;;;;;;x
imp_stab_neg_13;Imperial Stability: §Y-13§!;;;;;;;;;;;;;x
imp_stab_neg_12;Imperial Stability: §Y-12§!;;;;;;;;;;;;;x
imp_stab_neg_11;Imperial Stability: §Y-11§!;;;;;;;;;;;;;x
imp_stab_neg_10;Imperial Stability: §Y-10§!;;;;;;;;;;;;;x
imp_stab_neg_9;Imperial Stability: §Y-9§!;;;;;;;;;;;;;x
imp_stab_neg_8;Imperial Stability: §Y-8§!;;;;;;;;;;;;;x
imp_stab_neg_7;Imperial Stability: §Y-7§!;;;;;;;;;;;;;x
imp_stab_neg_6;Imperial Stability: §Y-6§!;;;;;;;;;;;;;x
imp_stab_neg_5;Imperial Stability: §Y-5§!;;;;;;;;;;;;;x
imp_stab_neg_4;Imperial Stability: §Y-4§!;;;;;;;;;;;;;x
imp_stab_neg_3;Imperial Stability: §Y-3§!;;;;;;;;;;;;;x
imp_stab_neg_2;Imperial Stability: §Y-2§!;;;;;;;;;;;;;x
imp_stab_neg_1;Imperial Stability: §Y-1§!;;;;;;;;;;;;;x
imp_stab_0;Imperial Stability: §Y0§!;;;;;;;;;;;;;x
imp_stab_1;Imperial Stability: §Y1§!;;;;;;;;;;;;;x
imp_stab_2;Imperial Stability: §Y2§!;;;;;;;;;;;;;x
imp_stab_3;Imperial Stability: §Y3§!;;;;;;;;;;;;;x
imp_stab_4;Imperial Stability: §Y4§!;;;;;;;;;;;;;x
imp_stab_5;Imperial Stability: §Y5§!;;;;;;;;;;;;;x
imp_stab_6;Imperial Stability: §Y6§!;;;;;;;;;;;;;x
imp_stab_7;Imperial Stability: §Y7§!;;;;;;;;;;;;;x
imp_stab_8;Imperial Stability: §Y8§!;;;;;;;;;;;;;x
imp_stab_9;Imperial Stability: §Y9§!;;;;;;;;;;;;;x
imp_stab_10;Imperial Stability: §Y10§!;;;;;;;;;;;;;x
imp_stab_11;Imperial Stability: §Y11§!;;;;;;;;;;;;;x
imp_stab_12;Imperial Stability: §Y12§!;;;;;;;;;;;;;x
imp_stab_13;Imperial Stability: §Y13§!;;;;;;;;;;;;;x
imp_stab_14;Imperial Stability: §Y14§!;;;;;;;;;;;;;x
imp_stab_15;Imperial Stability: §Y15§!;;;;;;;;;;;;;x
imp_stab_16;Imperial Stability: §Y16§!;;;;;;;;;;;;;x
imp_stab_17;Imperial Stability: §Y17§!;;;;;;;;;;;;;x
imp_stab_18;Imperial Stability: §Y18§!;;;;;;;;;;;;;x
imp_stab_19;Imperial Stability: §Y19§!;;;;;;;;;;;;;x
imp_stab_20;Imperial Stability: §Y20§!;;;;;;;;;;;;;x
imp_stab_21;Imperial Stability: §Y21§!;;;;;;;;;;;;;x
imp_stab_22;Imperial Stability: §Y22§!;;;;;;;;;;;;;x
imp_stab_23;Imperial Stability: §Y23§!;;;;;;;;;;;;;x
imp_stab_24;Imperial Stability: §Y24§!;;;;;;;;;;;;;x
imp_stab_25;Imperial Stability: §Y25§!;;;;;;;;;;;;;x
imp_stab_26;Imperial Stability: §Y26§!;;;;;;;;;;;;;x
imp_stab_27;Imperial Stability: §Y27§!;;;;;;;;;;;;;x
imp_stab_28;Imperial Stability: §Y28§!;;;;;;;;;;;;;x
imp_stab_29;Imperial Stability: §Y29§!;;;;;;;;;;;;;x
imp_stab_30;Imperial Stability: §Y30§!;;;;;;;;;;;;;x
imp_stab_31;Imperial Stability: §Y31§!;;;;;;;;;;;;;x
imp_stab_32;Imperial Stability: §Y32§!;;;;;;;;;;;;;x
imp_stab_33;Imperial Stability: §Y33§!;;;;;;;;;;;;;x
imp_stab_34;Imperial Stability: §Y34§!;;;;;;;;;;;;;x
imp_stab_35;Imperial Stability: §Y35§!;;;;;;;;;;;;;x
imp_stab_36;Imperial Stability: §Y36§!;;;;;;;;;;;;;x
imp_stab_37;Imperial Stability: §Y37§!;;;;;;;;;;;;;x
imp_stab_38;Imperial Stability: §Y38§!;;;;;;;;;;;;;x
imp_stab_39;Imperial Stability: §Y39§!;;;;;;;;;;;;;x
imp_stab_40;Imperial Stability: §Y40§!;;;;;;;;;;;;;x
imp_stab_41;Imperial Stability: §Y41§!;;;;;;;;;;;;;x
imp_stab_42;Imperial Stability: §Y42§!;;;;;;;;;;;;;x
imp_stab_43;Imperial Stability: §Y43§!;;;;;;;;;;;;;x
imp_stab_44;Imperial Stability: §Y44§!;;;;;;;;;;;;;x
imp_stab_45;Imperial Stability: §Y45§!;;;;;;;;;;;;;x
imp_stab_46;Imperial Stability: §Y46§!;;;;;;;;;;;;;x
imp_stab_47;Imperial Stability: §Y47§!;;;;;;;;;;;;;x
imp_stab_48;Imperial Stability: §Y48§!;;;;;;;;;;;;;x
imp_stab_49;Imperial Stability: §Y49§!;;;;;;;;;;;;;x
imp_stab_50;Imperial Stability: §Y50§!;;;;;;;;;;;;;x
PROVINCIAL_REBELLION;[Root.Holder.GetOnlyDynastyName] Rebellion;;;;;;;;;;;;;x
tamriel_government;Imperial Governance;;;;;;;;;;;;;x
tamriel_government_desc;The Empire of Tamriel is governed in a fashion very similar to the feudal government. However, the strain of running such a large and diverse empire has its challenges, and the ultimate fate of the Empire is heavily influence by Imperial Stability.;;;;;;;;;;;;;x
title_elder_councillor;Elder Councillor;;;;;;;;;;;;;x
title_elder_councillor_kvatch;Elder Councillor of Kvatch;;;;;;;;;;;;;x
title_elder_councillor_anvil;Elder Councillor of Anvil;;;;;;;;;;;;;x
title_elder_councillor_bravil;Elder Councillor of Bravil;;;;;;;;;;;;;x
title_elder_councillor_bruma;Elder Councillor of Bruma;;;;;;;;;;;;;x
title_elder_councillor_cheydinhal;Elder Councillor of Cheydinhal;;;;;;;;;;;;;x
title_elder_councillor_chorrol;Elder Councillor of Chorrol;;;;;;;;;;;;;x
title_elder_councillor_leyawiin;Elder Councillor of Leyawiin;;;;;;;;;;;;;x
title_elder_councillor_skingrad;Elder Councillor of Skingrad;;;;;;;;;;;;;x
title_elder_councillor_haafingar;Elder Councillor of Solitude;;;;;;;;;;;;;x
title_elder_councillor_hjaalmarch;Elder Councillor of Morthal;;;;;;;;;;;;;x
title_elder_councillor_thepale;Elder Councillor of Dawnstar;;;;;;;;;;;;;x
title_elder_councillor_winterhold;Elder Councillor of Winterhold;;;;;;;;;;;;;x
title_elder_councillor_eastmarch;Elder Councillor of Windhelm;;;;;;;;;;;;;x
title_elder_councillor_therift;Elder Councillor of Riften;;;;;;;;;;;;;x
title_elder_councillor_whiterun;Elder Councillor of Whiterun;;;;;;;;;;;;;x
title_elder_councillor_falkreath;Elder Councillor of Falkreath;;;;;;;;;;;;;x
title_elder_councillor_markarth;Elder Councillor of Markarth;;;;;;;;;;;;;x
title_elder_councillor_morrowind;Elder Councillor of Morrowind;;;;;;;;;;;;;x
title_elder_councillor_skyrim;Elder Councillor of Skyrim;;;;;;;;;;;;;x
title_elder_councillor_cyrodiil;Elder Councillor of Cyrodiil;;;;;;;;;;;;;x
title_elder_councillor_highrock;Elder Councillor of High Rock;;;;;;;;;;;;;x
title_elder_councillor_hammerfell;Elder Councillor of Hammerfell;;;;;;;;;;;;;x
title_elder_councillor_elsweyr;Elder Councillor of Elsweyr;;;;;;;;;;;;;x
title_elder_councillor_mane;Mane on the Elder Council;;;;;;;;;;;;;x
title_elder_councillor_argonia;Elder Councillor of Argonia;;;;;;;;;;;;;x
title_elder_councillor_vvardenfell;Elder Councillor of Vvardenfell;;;;;;;;;;;;;x
title_elder_councillor_yokuda;Elder Councillor of Yokuda;;;;;;;;;;;;;x
title_elder_councillor_valenwood;Elder Councillor of Valenwood;;;;;;;;;;;;;x
title_elder_councillor_pyandonea;Elder Councillor of Pyandonea;;;;;;;;;;;;;x
title_elder_councillor_summerset;Elder Councillor of Summerset;;;;;;;;;;;;;x
title_elder_councillor_islands;Elder Councillor of The Islands;;;;;;;;;;;;;x
title_elder_councillor_religious_head;Elder Councillor of [Root.Religion.GetName];;;;;;;;;;;;;x
title_high_chancellor;High Chancellor;;;;;;;;;;;;;x
title_high_chancellor;The High Chancellor of the Elder Council is one of the most powerful figures in the Empire.;;;;;;;;;;;;;x
organise_imperial_watch;Organise the Imperial City Watch;;;;;;;;;;;;;x
organise_imperial_watch_desc;The Imperial City Watch has its origins in the old Legions of the Alessian Empire when elder Legionnaires close to retirement were deployed to permanently garrison the Imperial City. During that time, and since, they served more as Watchmen and enforcers of the law than as a military force. We can however, during times of need, reform the City Watch into an adhoc army and use them to take the fight from the streets of the glorious heart of Tamriel to our enemy's own gates.;;;;;;;;;;;;;x
confederacy_elective;Confederacy Elective;;;;;;;;;;;;;x
confederacy_elective_desc;All counts and above are given a vote to elect the next ruler of the confederacy from among any landed characters within the realm and the firstborn of the current ruler. Preference is given to electors of higher ranks who are of the same culture and religion as the realm.;;;;;;;;;;;;;x
succ_confederacy_elective;Confederacy Elective;;;;;;;;;;;;;x
succ_confederacy_elective_desc;All counts and above are given a vote to elect the next ruler of the confederacy from among any landed characters within the realm and the firstborn of the current ruler. Preference is given to electors of higher ranks who are of the same culture and religion as the realm.;;;;;;;;;;;;;x
imperial_commune_elective;Imperial Commune Elective;;;;;;;;;;;;;x
imperial_commune_elective_desc;The current ruler of the Commune, all members of the liege council, and all members of the Elder Council are given the ability to nominate and vote for a successor among themselves, as well as legitimate siblings and children of the current ruler. Electors in the Commune favor same-culture, same-religion candidates with exceptional leadership skills, preferring those who have the capacity to guide the realm through the challenges of Interregnum Cyrodiil.;;;;;;;;;;;;;x
succ_imperial_commune_elective;Imperial Commune Elective;;;;;;;;;;;;;x
succ_imperial_commune_elective_desc;The current ruler of the Commune, all members of the liege council, and all members of the Elder Council are given the ability to nominate and vote for a successor among themselves, as well as legitimate siblings and children of the current ruler. Electors in the Commune favor same-culture, same-religion candidates with exceptional leadership skills, preferring those who have the capacity to guide the realm through the challenges of Interregnum Cyrodiil. The ruler of the Commune's vote counts as §YFive§! votes. The High Chancellor of the Elder Council's vote counts as §YThree§! votes.;;;;;;;;;;;;;x
feudal_confirmation;Confirmation;;;;;;;;;;;;;x
feudal_confirmation_desc;The current ruler, their spouse, all consorts, parents, siblings, and children, plus council members and the most powerful vassals in the ruler's personal realm, coordinate together to select an acceptable heir from among the ruler's close relatives. Legitimate children, particularly the eldest, are heavily favored. In the absence of a proper direct heir, the spouse of the current ruler may be selected instead. Only adults are involved in the election process. The ruler's vote counts as §YFive§! votes. All other characters' votes count for §YOne§! vote each.;;;;;;;;;;;;;x
succ_feudal_confirmation;Confirmation;;;;;;;;;;;;;x
succ_feudal_confirmation_desc;The current ruler, their spouse, all consorts and close relatives, plus council members and the most powerful vassals in the ruler's personal realm, coordinate together to select an acceptable heir from among the ruler's close relatives. Legitimate children are heavily favored. In the absence of a proper direct heir, the spouse of the current ruler may be selected instead. Only adults are involved in the election process. The ruler's vote counts as §YFive§! votes. All other characters' votes count for §YOne§! vote each.;;;;;;;;;;;;;x
elder_council_elective;Imperial Succession;;;;;;;;;;;;;x
elder_council_elective_desc;The current Emperor or Empress, all close relatives who are direct vassals or courtiers, all spouses and consorts, along with personal council members and the members of the Elder Council, coordinate together to select an acceptable heir from among the ruler's close relatives. Legitimate children are heavily favored. In the absence of a proper direct heir, the spouse of the current ruler may be selected instead. Only adults are involved in the election process. The Emperor or Empress regnant's vote counts as §YTen§! votes. The High Chancellor of the Elder Council's vote counts as §YFive§! votes. All other characters' votes count for §YOne§! vote each.;;;;;;;;;;;;;x
succ_elder_council_elective;Imperial Succession;;;;;;;;;;;;;x
succ_elder_council_elective_desc;The current Emperor or Empress, all close relatives who are direct vassals or courtiers, all spouses and consorts, along with personal council members and the members of the Elder Council, coordinate together to select an acceptable heir from among the ruler's close relatives. Legitimate children are heavily favored. In the absence of a proper direct heir, the spouse of the current ruler may be selected instead. Only adults are involved in the election process. The Emperor or Empress regnant's vote counts as §YTen§! votes. The High Chancellor of the Elder Council's vote counts as §YFive§! votes. All other characters' votes count for §YOne§! vote each.;;;;;;;;;;;;;x
imperial_province_assignment;Imperial Assignment;;;;;;;;;;;;;x
imperial_province_assignment_desc;The current [GetRubyThroneTitle], their spouse, personal council, and all members of the Elder Council coordinate ;;;;;;;;;;;;;x
succ_imperial_province_assignment;Imperial Assignment;;;;;;;;;;;;;x
succ_imperial_province_assignment_desc;The current [GetRubyThroneTitle], their spouse, personal council, and all members of the Elder Council coordinate ;;;;;;;;;;;;;x
reform_imperial_commune_decision;Reform the Imperial Commune;;;;;;;;;;;;;x
reform_imperial_commune_decision_desc;Reform the Imperial Commune into a more centralized Imperial Republic.;;;;;;;;;;;;;x
abandon_imperial_commune_decision;Abandon the Imperial Commune;;;;;;;;;;;;;x
abandon_imperial_commune_decision_desc;Abandon the Imperial Commune and change your government to a Confederacy, giving greater autonomy to the lesser lords.;;;;;;;;;;;;;x
form_imperial_commune_decision;Form the Imperial Commune;;;;;;;;;;;;;x
form_imperial_commune_decision_desc;The Imperial Commune was the source of stability and prosperity in Cyrodiil ever since the fall of the Reman. As controllers of the Heartlands, we can claim its legacy, and bring peace, stability and prosperity to the province.;;;;;;;;;;;;;x
resettlement_law;Resettlement;;;;;;;;;;;;;x
resettlement_law_desc;These laws dictate the legality of acts of provincial cultural conversion - assimilation through establishing foreign enclaves, forcible removal of inhabitants, and the violent purging of inhabitants.;;;;;;;;;;;;;x
resettlement_0;Enclaves;;;;;;;;;;;;;x
resettlement_0_desc;Peaceful assimilation via use of enclaves is the only legal means of converting provincial culture.;;;;;;;;;;;;;x
resettlement_1;Expulsion;;;;;;;;;;;;;x
resettlement_1_desc;Locals may be driven out of their homeland to facilitate provincial culture conversion. Also allows for the use of §Yenclaves§!.;;;;;;;;;;;;;x
resettlement_2;Purges;;;;;;;;;;;;;x
resettlement_2_desc;Locals may be massacred in an effort to convert provincial culture. Also allows for the use of §Yenclaves§! and §Yexpulsion§!.;;;;;;;;;;;;;x
mutilation_law;Mutilation;;;;;;;;;;;;;x
mutilation_law_desc;These laws define the legality of mutilation - such as eye-gouging, castration, disfigurement and removal of limbs - as a means of punishment.;;;;;;;;;;;;;x
mutilation_0;All Mutilation Banned;;;;;;;;;;;;;x
mutilation_0_option;Total Ban;;;;;;;;;;;;;x
mutilation_0_desc;Mutilation, as a form of punishment, is banned within the entire realm. No vassals may have mutilation legalized.;;;;;;;;;;;;;x
mutilation_1;Mutilation Banned;;;;;;;;;;;;;x
mutilation_1_option;Banned;;;;;;;;;;;;;x
mutilation_1_desc;Mutilation, as a form of punishment, is banned within the ruler's personal demesne. Vassals are still allowed to have legal mutilation in their demesne if they so choose.;;;;;;;;;;;;;x
mutilation_2;Mutilation Legal;;;;;;;;;;;;;x
mutilation_2_option;Legal;;;;;;;;;;;;;x
mutilation_2_desc;Mutilation is legalized as a form of punishment in the entire realm, including the ruler's personal demesne. Vassals are allowed to have mutilation legalized or illegalized in their demesne or realm if they so choose.;;;;;;;;;;;;;x
GOVERNMENT_CANNOT_USURP_KINGDOMS_AND_EMPIRES;Your government type cannot usurp kingdoms or empires;Les républiques marchandes et les patriciens ne peuvent pas usurper de royaumes ou d'empires;Handelsrepubliken und Patrizier können keine Königreiche oder Reiche übernehmen;;Repúblicas mercantes y patricios no pueden usurpar reinos o imperios.;;;;;;;;;x
provincial_assignment_not_imperialist_tt;I am not an §YImperialist§!;;;;;;;;;;;;;x
elder_council_elective_imperial_dynastic_king_not_imperialist_tt;They are already a king and I am not an §YImperialist§!;;;;;;;;;;;;;x
